course_code,course_name,adjustment_pct
10166NAT,Diploma of English Proficiency (10166NAT),100
10253NAT,Certificate II in Women's Education (10253NAT),100
10254NAT,Certificate III in Women's Education (10254NAT),100
10255NAT,Certificate IV in Women's Education (10255NAT),100
10256NAT,Certificate IV in Policing (10256NAT),100
10257NAT,Diploma of Food and Wine Management (10257NAT),100
10259NAT,Diploma of Arts (Acting) (10259NAT),100
10260NAT,Advanced Diploma of Arts (Acting) (10260NAT),100
10261NAT,Advanced Diploma of Policing (10261NAT),95
10262NAT,Certificate III in Police Studies (10262NAT),100
10263NAT,Diploma of Applied Geosciences (10263NAT),100
10266NAT,Certificate II in Education and Skills Development (10266NAT),90
10267NAT,Certificate I in English Proficiency (10267NAT),100
10268NAT,Certificate II in English Proficiency (10268NAT),100
10269NAT,Certificate III in English Proficiency (10269NAT),100
10270NAT,Certificate IV in English Proficiency (10270NAT),100
10286NAT,Advanced Diploma of Oral Health (Dental Hygiene) (10286NAT),100
10362NAT,Certificate I in Spoken and Written English (10362NAT),100
10363NAT,Certificate II in Spoken and Written English (10363NAT),100
10364NAT,Certificate III in Spoken and Written English (10364NAT),100
10560NAT,Advanced Diploma of Performing Arts (Acting) (10560NAT),100
10617NAT,Advanced Diploma of Policing (10617NAT),100
10727NAT,Certificate I in Spoken and Written English (10727NAT),100
10728NAT,Certificate II in Spoken and Written English (10728NAT),100
10729NAT,Certificate III in Spoken and Written English (10729NAT),100
10730NAT,Certificate IV in Spoken and Written English for Further Study (10730NAT),100
10738NAT,Certificate II in Vocational Preparation for Women (10738NAT),100
10739NAT,Certificate III in Women's Advocacy (10739NAT),100
10740NAT,Certificate IV in Women's Advocacy (10740NAT),100
10809NAT,Course in Electrician - Minimum Australian Context Gap (10809NAT),100
10814NAT,Certificate IV in Stolen Generations Family Research and Case Management,100
10853NAT,Certificate I in English Proficiency (10853NAT),100
10854NAT,Certificate II in English Proficiency (10854NAT),100
10855NAT,Certificate III in English Proficiency (10855NAT),100
10856NAT,Certificate IV in English Proficiency (10856NAT),100
10858NAT,Certificate III in Heritage Trade Skills (10858NAT),100
10890NAT,Certificate II in Learning an Australian First Nation's Language (10890NAT),100
10891NAT,Certificate III in Learning an Australian First Nation's Language (10891NAT),100
10892NAT,Certificate IV in Teaching an Australian First Nation's Language (10892NAT),100
10906NAT,Advanced Diploma of Performing Arts (Acting) (10906NAT),100
10924NAT,Certificate IV in Project Controls Practices (10924NAT),100
10926NAT,Advanced Diploma of Oral Health (Dental Hygiene) (10926NAT),100
10937NAT,Diploma of English Proficiency (10937NAT),100
10983NAT,Certificate III in Outside School Hours Care (10983NAT),100
11000NAT,Advanced Diploma of Policing (11000NAT),100
11037NAT,Certificate IV in Aboriginal and Torres Strait Islander Research Theory and,100
11077NAT,Certificate I in Deaf Gain Education (11077NAT),100
11200NAT,Certificate II in Vocational Preparation for Women (11200NAT),100
11201NAT,Certificate III in Women's Advocacy (11201NAT),100
11202NAT,Certificate IV in Women's Advocacy (11202NAT),100
11227NAT,"Diploma of Narrative Approaches for Aboriginal People (Counselling, Group and",100
11295NAT,Certificate IV in Stolen Generations Family Research and Case Management,100
11297NAT,Course in Electrician - Minimum Australian Context Gap (11297NAT),100
11300NAT,Certificate I in English Proficiency (11300NAT),100
11301NAT,Certificate II in English Proficiency (11301NAT),100
11303NAT,Certificate III in English Proficiency (11303NAT),100
11313NAT,Certificate IV in English Proficiency (11313NAT),100
11368NAT,Certificate III in Heritage Trade Skills (11368NAT),100
11385NAT,Certificate II in Learning an Australian First Nation's Language (11385NAT),100
11386NAT,Certificate III in Learning an Australian First Nation's Language (11386NAT),100
11391NAT,Certificate IV in Teaching an Australian First Nation's Language (11391NAT),100
11410NAT,Certificate II in Plumbing Pathways (11410NAT),100
12277SA,Diploma of Geoscience (12277SA),95
15725SA,Advanced Diploma of Aviation (15725SA),95
21774VIC,Certificate III in General Education for Adults (21774VIC),100
21821VIC,Certificate IV in Quality Management and Assurance (21821VIC),100
21822VIC,Diploma of Quality Management (21822VIC),100
22075VIC,Certificate II in Auslan (22075VIC),100
22077VIC,Certificate III in Auslan (22077VIC),100
22078VIC,Certificate IV in Auslan (22078VIC),100
22105VIC,Diploma of Sustainability (22105VIC),95
22149VIC,Certificate II in Applied Language (22149VIC),95
22238VIC,Certificate III in General Education for Adults (22238VIC),100
22304VIC,Certificate II in Plumbing (Pre-apprenticeship) (22304VIC),100
22334VIC,Certificate IV in Cyber Security (22334VIC),125
22460VIC,Diploma of Applied Technologies (22460VIC),100
22569VIC,Certificate II in Plumbing (Pre-apprenticeship) (22569VIC),100
22603VIC,Certificate IV in Cyber Security (22603VIC),100
22701VIC,Certificate II in Plumbing (Pre-apprenticeship) (22701VIC),100
30957QLD,"Certificate IV in Language, Literacy & Numeracy Assessment and Training",95
40169SA,Advanced Diploma of Translating (40169SA),100
40356SA,Diploma of Building Design and Technology (40356SA),100
40357SA,Certificate IV in Residential Drafting (40357SA),95
40445SA,Diploma of Interpreting and Translating (40445SA),100
40480SA,Diploma of Viticulture Management (40480SA),100
40481SA,Certificate IV in Viticulture (40481SA),95
40505SA,Advanced Diploma of Arts (Acting) (40505SA),100
40508SA,Advanced Diploma of Photography (Commercial) (40508SA),100
40509SA,Diploma of Photography (Commercial) (40509SA),100
40510SA,Advanced Diploma of Advertising and Graphic Design (40510SA),100
40511SA,Diploma of Advertising and Graphic Design (40511SA),100
40512SA,Certificate I in Introductory Vocational Education (40512SA),100
40525SA,Diploma of Garden Design (40525SA),100
40527SA,Certificate IV in Justice Studies (40527SA),100
40528SA,Diploma of Justice Administration (40528SA),100
40529SA,Certificate III in Community Health: Food Services (40529SA),100
40530SA,Certificate IV in Food Science and Technology (40530SA),100
40531SA,Diploma of Food Science and Technology (40531SA),100
40535SA,Certificate IV in Environmental Technology (40535SA),100
40536SA,Diploma of Environmental Management (40536SA),100
40540SA,Certificate IV in Teaching English to Speakers of Other Languages (TESOL),100
40595SA,Diploma of Food and Wine Management and Operations (40595SA),67
40596SA,Certificate IV in Food and Wine Operations (40596SA),100
40598SA,Advanced Diploma of Policing (40598SA),67
40599SA,Certificate II in Women's Education (40599SA),100
40600SA,Certificate III in Women's Education (40600SA),100
40601SA,Certificate IV in Women's Education (40601SA),100
40602SA,Certificate III in Police Studies (40602SA),67
40603SA,Diploma of Engineering Drafting (40603SA),95
40604SA,Advanced Diploma of Engineering Design (40604SA),86
40607SA,Certificate IV in Conveyancing (40607SA),19
40620SA,Certificate I in English Proficiency (40620SA),95
40621SA,Certificate II in English Proficiency (40621SA),95
40622SA,Certificate III in English Proficiency (40622SA),95
40623SA,Certificate IV in English Proficiency (40623SA),95
40625SA,Certificate II in Education and Skills Development (40625SA),86
40629SA,Advanced Diploma of Arts (Professional Writing) (40629SA),95
40630SA,Diploma of Arts (Professional Writing) (40630SA),95
40633SA,Advanced Diploma of Oral Health (Dental Hygiene) (40633SA),95
40634SA,Diploma of English Proficiency (40634SA),95
40637SA,Certificate II in Family Wellbeing (40637SA),95
40649SA,Certificate IV in Teaching English to Speakers of Other Languages (TESOL),95
40650SA,Certificate I in Education and Skills Development (40650SA),95
51691,Diploma of Interpreting (Lote/English) (51691),100
52831WA,Certificate IV in Preparation for Health and Nursing Studies (52831WA),100
52904WA,Certificate III in Defence Industry Pathways (52904WA),100
80928ACT,Certificate IV in Hyperbaric Operations (Acquaculture SSBA to 30m),95
80935ACT,Certificate IV in Hyperbaric Operations (Diver Medical Technician) (80935ACT),95
80947ACT,Diploma of Hyperbaric Operations (Diving Supervision - SSBA to 30m),95
81016ACT,Certificate I in French (81016ACT),100
81017ACT,Certificate II in French (81017ACT),100
81020ACT,Certificate I in German (81020ACT),100
81021ACT,Certificate II in German (81021ACT),100
81032ACT,Certificate I in Italian (81032ACT),100
81033ACT,Certificate II in Italian (81033ACT),100
81036ACT,Certificate I in Japanese (81036ACT),100
81037ACT,Certificate II in Japanese (81037ACT),100
81052ACT,Certificate I in Mandarin (81052ACT),100
81053ACT,Certificate II in Mandarin (81053ACT),100
81080ACT,Certificate I in Spanish (81080ACT),100
81081ACT,Certificate II in Spanish (81081ACT),100
91421NSW,Certificate I in Spoken and Written English (91421NSW),95
91422NSW,Certificate II in Spoken and Written English (91422NSW),95
91423NSW,Certificate III in Spoken and Written English (91423NSW),95
ACM10110,Certificate I in Animal Studies (ACM10110),90
ACM20110,Certificate II in Animal Studies (ACM20110),100
ACM20117,Certificate II in Animal Studies (ACM20117),100
ACM20121,Certificate II in Animal Care (ACM20121),100
ACM30110,Certificate III in Animal Studies (ACM30110),100
ACM30117,Certificate III in Animal Studies (ACM30117),100
ACM30121,Certificate III in Animal Care Services (ACM30121),100
ACM30122,Certificate III in Animal Care Services (ACM30122),100
ACM30210,Certificate III in Animal Technology (ACM30210),100
ACM30217,Certificate III in Animal Technology (ACM30217),100
ACM30219,Certificate III in Animal Technology (ACM30219),100
ACM30310,Certificate III in Captive Animals (ACM30310),100
ACM30317,Certificate III in Captive Animals (ACM30317),100
ACM30321,Certificate III in Wildlife and Exhibited Animal Care (ACM30321),100
ACM30410,Certificate III in Companion Animal Services (ACM30410),100
ACM30417,Certificate III in Companion Animal Services (ACM30417),100
ACM30510,Certificate III in Farriery (ACM30510),100
ACM30517,Certificate III in Farriery (ACM30517),100
ACM30717,Certificate III in Horse Breeding (ACM30717),100
ACM40110,Certificate IV in Animal Control and Regulation (ACM40110),100
ACM40117,Certificate IV in Animal Control and Regulation (ACM40117),100
ACM40121,Certificate IV in Animal Regulation and Management (ACM40121),100
ACM40122,Certificate IV in Animal Regulation and Management (ACM40122),100
ACM40210,Certificate IV in Captive Animals (ACM40210),100
ACM40217,Certificate IV in Captive Animals (ACM40217),100
ACM40221,Certificate IV in Animal Facility Management (ACM40221),100
ACM40222,Certificate IV in Animal Facility Management (ACM40222),100
ACM40310,Certificate IV in Companion Animal Services (ACM40310),100
ACM40317,Certificate IV in Companion Animal Services (ACM40317),100
ACM40321,Certificate IV in Animal Behaviour and Training (ACM40321),100
ACM40322,Certificate IV in Animal Behaviour and Training (ACM40322),100
ACM40410,Certificate IV in Veterinary Nursing (ACM40410),95
ACM40412,Certificate IV in Veterinary Nursing (ACM40412),100
ACM40418,Certificate IV in Veterinary Nursing (ACM40418),100
ACM40818,Certificate IV in Farriery (ACM40818),100
ACM50110,Diploma of Animal Technology (ACM50110),100
ACM50117,Diploma of Animal Technology (ACM50117),100
ACM50119,Diploma of Animal Technology (ACM50119),100
ACM50210,Diploma of Veterinary Nursing (Surgical) (ACM50210),95
ACM50212,Diploma of Veterinary Nursing (Surgical) (ACM50212),100
ACM50219,Diploma of Veterinary Nursing (ACM50219),100
ACM50310,Diploma of Veterinary Nursing (Dental) (ACM50310),95
ACM50312,Diploma of Veterinary Nursing (Dental) (ACM50312),100
ACM50410,Diploma of Veterinary Nursing (Emergency and Critical Care) (ACM50410),95
ACM50412,Diploma of Veterinary Nursing (Emergency and Critical Care) (ACM50412),100
ACM50512,Diploma of Veterinary Nursing (General Practice) (ACM50512),100
AGF10107,Certificate I in Agri-Food (Pathways) (AGF10107),86
AHC10110,Certificate I in Conservation and Land Management (AHC10110),90
AHC10210,Certificate I in AgriFood Operations (AHC10210),90
AHC20110,Certificate II in Agriculture (AHC20110),80
AHC20116,Certificate II in Agriculture (AHC20116),80
AHC20122,Certificate II in Agriculture (AHC20122),100
AHC20210,Certificate II in Poultry Production Operations (AHC20210),90
AHC20310,Certificate II in Production Horticulture (AHC20310),85
AHC20316,Certificate II in Production Horticulture (AHC20316),85
AHC20320,Certificate II in Production Horticulture (AHC20320),100
AHC20324,Certificate II in Production Horticulture (AHC20324),100
AHC20410,Certificate II in Horticulture (AHC20410),95
AHC20416,Certificate II in Horticulture (AHC20416),95
AHC20422,Certificate II in Horticulture (AHC20422),100
AHC20510,Certificate II in Arboriculture (AHC20510),86
AHC20513,Certificate II in Arboriculture (AHC20513),90
AHC20516,Certificate II in Arboriculture (AHC20516),90
AHC20520,Certificate II in Arboriculture (AHC20520),100
AHC20610,Certificate II in Parks and Gardens (AHC20610),90
AHC20616,Certificate II in Parks and Gardens (AHC20616),90
AHC20621,Certificate II in Parks and Gardens (AHC20621),100
AHC20624,Certificate II in Parks and Gardens (AHC20624),100
AHC20710,Certificate II in Production Nursery (AHC20710),90
AHC20716,Certificate II in Production Nursery (AHC20716),90
AHC20720,Certificate II in Nursery Operations (AHC20720),100
AHC20724,Certificate II in Nursery Operations (AHC20724),100
AHC20810,Certificate II in Retail Nursery (AHC20810),90
AHC20816,Certificate II in Retail Nursery (AHC20816),90
AHC20910,Certificate II in Sports Turf Management (AHC20910),80
AHC20916,Certificate II in Sports Turf Management (AHC20916),80
AHC20919,Certificate II in Sports Turf Management (AHC20919),80
AHC21010,Certificate II in Conservation and Land Management (AHC21010),85
AHC21016,Certificate II in Conservation and Land Management (AHC21016),85
AHC21020,Certificate II in Conservation and Ecosystem Management (AHC21020),85
AHC21024,Certificate II in Conservation and Ecosystem Management (AHC21024),85
AHC21110,Certificate II in Irrigation (AHC21110),90
AHC21112,Certificate II in Irrigation (AHC21112),90
AHC21116,Certificate II in Irrigation (AHC21116),90
AHC21119,Certificate II in Irrigation (AHC21119),90
AHC21124,Certificate II in Irrigation (AHC21124),90
AHC21210,Certificate II in Rural Operations (AHC21210),80
AHC21216,Certificate II in Rural Operations (AHC21216),80
AHC21310,Certificate II in Shearing (AHC21310),90
AHC21316,Certificate II in Shearing (AHC21316),90
AHC21325,Certificate II in Shearing (AHC21325),90
AHC21410,Certificate II in Wool Handling (AHC21410),95
AHC21416,Certificate II in Wool Handling (AHC21416),95
AHC21425,Certificate II in Wool Handling (AHC21425),95
AHC21510,Certificate II in Floriculture (AHC21510),90
AHC21516,Certificate II in Floriculture (AHC21516),90
AHC21610,Certificate II in Landscaping (AHC21610),90
AHC21616,Certificate II in Landscaping (AHC21616),90
AHC21621,Certificate II in Landscaping (AHC21621),100
AHC21624,Certificate II in Landscaping (AHC21624),100
AHC30110,Certificate III in Agriculture (AHC30110),100
AHC30116,Certificate III in Agriculture (AHC30116),100
AHC30122,Certificate III in Agriculture (AHC30122),100
AHC30210,Certificate III in Agriculture (Dairy Production) (AHC30210),100
AHC30216,Certificate III in Agriculture (Dairy Production) (AHC30216),100
AHC30221,Certificate III in Dairy Production (AHC30221),100
AHC30224,Certificate III in Dairy Production (AHC30224),100
AHC30310,Certificate III in Horse Breeding (AHC30310),100
AHC30318,Certificate III in Rural and Environmental Pest Management (AHC30318),100
AHC30324,Certificate III in Rural and Environmental Pest Management (AHC30324),100
AHC30410,Certificate III in Pork Production (AHC30410),100
AHC30416,Certificate III in Pork Production (AHC30416),100
AHC30422,Certificate III in Pork Production (AHC30422),100
AHC30510,Certificate III in Poultry Production (AHC30510),100
AHC30516,Certificate III in Poultry Production (AHC30516),100
AHC30522,Certificate III in Poultry Production (AHC30522),100
AHC30610,Certificate III in Production Horticulture (AHC30610),100
AHC30616,Certificate III in Production Horticulture (AHC30616),100
AHC30620,Certificate III in Production Horticulture (AHC30620),100
AHC30624,Certificate III in Production Horticulture (AHC30624),100
AHC30710,Certificate III in Horticulture (AHC30710),100
AHC30716,Certificate III in Horticulture (AHC30716),100
AHC30722,Certificate III in Horticulture (AHC30722),100
AHC30810,Certificate III in Arboriculture (AHC30810),100
AHC30816,Certificate III in Arboriculture (AHC30816),100
AHC30820,Certificate III in Arboriculture (AHC30820),100
AHC30824,Certificate III in Arboriculture (AHC30824),100
AHC30910,Certificate III in Landscape Construction (AHC30910),100
AHC30916,Certificate III in Landscape Construction (AHC30916),100
AHC30921,Certificate III in Landscape Construction (AHC30921),100
AHC31010,Certificate III in Parks and Gardens (AHC31010),100
AHC31016,Certificate III in Parks and Gardens (AHC31016),100
AHC31021,Certificate III in Parks and Gardens (AHC31021),100
AHC31024,Certificate III in Parks and Gardens (AHC31024),100
AHC31110,Certificate III in Production Nursery (AHC31110),100
AHC31116,Certificate III in Production Nursery (AHC31116),100
AHC31120,Certificate III in Nursery Operations (AHC31120),100
AHC31124,Certificate III in Nursery Operations (AHC31124),100
AHC31210,Certificate III in Retail Nursery (AHC31210),100
AHC31216,Certificate III in Retail Nursery (AHC31216),100
AHC31310,Certificate III in Sports Turf Management (AHC31310),100
AHC31316,Certificate III in Sports Turf Management (AHC31316),100
AHC31319,Certificate III in Sports Turf Management (AHC31319),100
AHC31324,Certificate III in Sports Turf Management (AHC31324),100
AHC31410,Certificate III in Conservation and Land Management (AHC31410),100
AHC31416,Certificate III in Conservation and Land Management (AHC31416),100
AHC31420,Certificate III in Conservation and Ecosystem Management (AHC31420),100
AHC31421,Certificate III in Conservation and Ecosystem Management (AHC31421),100
AHC31424,Certificate III in Conservation and Ecosystem Management (AHC31424),100
AHC31510,Certificate III in Indigenous Land Management (AHC31510),100
AHC31516,Certificate III in Indigenous Land Management (AHC31516),100
AHC31522,Certificate III in On Country Management (AHC31522),100
AHC31610,"Certificate III in Lands, Parks and Wildlife (AHC31610)",100
AHC31616,"Certificate III in Lands, Parks and Wildlife (AHC31616)",100
AHC31710,Certificate III in Natural Area Restoration (AHC31710),100
AHC31716,Certificate III in Natural Area Restoration (AHC31716),100
AHC31810,Certificate III in Vertebrate Pest Management (AHC31810),100
AHC31818,Certificate III in Beekeeping (AHC31818),100
AHC31824,Certificate III in Beekeeping (AHC31824),100
AHC31910,Certificate III in Weed Management (AHC31910),100
AHC31918,Certificate III in Rural Machinery Operations (AHC31918),100
AHC32010,Certificate III in Beekeeping (AHC32010),100
AHC32016,Certificate III in Beekeeping (AHC32016),100
AHC32111,Certificate III in Commercial Seed Processing (AHC32111),67
AHC32113,Certificate III in Commercial Seed Processing (AHC32113),100
AHC32116,Certificate III in Commercial Seed Processing (AHC32116),100
AHC32210,Certificate III in Commercial Composting (AHC32210),100
AHC32216,Certificate III in Commercial Composting (AHC32216),100
AHC32310,Certificate III in Conservation Earthworks (AHC32310),100
AHC32316,Certificate III in Conservation Earthworks (AHC32316),100
AHC32410,Certificate III in Irrigation (AHC32410),100
AHC32412,Certificate III in Irrigation (AHC32412),100
AHC32416,Certificate III in Irrigation (AHC32416),100
AHC32419,Certificate III in Irrigation Technology (AHC32419),100
AHC32422,Certificate III in Irrigation Technology (AHC32422),100
AHC32424,Certificate III in Irrigation Technology (AHC32424),100
AHC32610,Certificate III in Rural Machinery Operations (AHC32610),100
AHC32616,Certificate III in Rural Machinery Operations (AHC32616),100
AHC32710,Certificate III in Rural Merchandising (AHC32710),100
AHC32716,Certificate III in Rural Merchandising (AHC32716),100
AHC32810,Certificate III in Rural Operations (AHC32810),100
AHC32816,Certificate III in Rural Operations (AHC32816),100
AHC32822,Certificate III in Rural Operations (AHC32822),100
AHC32910,Certificate III in Shearing (AHC32910),100
AHC32916,Certificate III in Shearing (AHC32916),100
AHC32925,Certificate III in Shearing (AHC32925),100
AHC33010,Certificate III in Wool Clip Preparation (AHC33010),67
AHC33013,Certificate III in Wool Clip Preparation (AHC33013),100
AHC33016,Certificate III in Wool Clip Preparation (AHC33016),100
AHC33025,Certificate III in Wool Clip Preparation (AHC33025),100
AHC33110,Certificate III in Advanced Wool Handling (AHC33110),100
AHC33116,Certificate III in Advanced Wool Handling (AHC33116),100
AHC33125,Certificate III in Advanced Wool Handling (AHC33125),100
AHC33210,Certificate III in Floriculture (AHC33210),100
AHC33216,Certificate III in Floriculture (AHC33216),100
AHC33311,Certificate III in Feedlot Operations (AHC33311),100
AHC33316,Certificate III in Feedlot Operations (AHC33316),100
AHC33325,Certificate III in Feedlot Operations (AHC33325),100
AHC33616,Certificate III in Pest Management (AHC33616),100
AHC33719,Certificate III in Protected Horticulture (AHC33719),100
AHC33722,Certificate III in Protected Horticulture (AHC33722),100
AHC40110,Certificate IV in Agriculture (AHC40110),100
AHC40116,Certificate IV in Agriculture (AHC40116),100
AHC40122,Certificate IV in Agriculture (AHC40122),100
AHC40210,Certificate IV in Poultry Production (AHC40210),95
AHC40310,Certificate IV in Production Horticulture (AHC40310),100
AHC40316,Certificate IV in Production Horticulture (AHC40316),100
AHC40320,Certificate IV in Production Horticulture (AHC40320),100
AHC40324,Certificate IV in Production Horticulture (AHC40324),100
AHC40410,Certificate IV in Horticulture (AHC40410),100
AHC40416,Certificate IV in Horticulture (AHC40416),100
AHC40422,Certificate IV in Horticulture (AHC40422),100
AHC40516,Certificate IV in Parks and Gardens (AHC40516),100
AHC40610,Certificate IV in Production Nursery (AHC40610),100
AHC40616,Certificate IV in Production Nursery (AHC40616),100
AHC40620,Certificate IV in Nursery Operations (AHC40620),100
AHC40624,Certificate IV in Nursery Operations (AHC40624),100
AHC40716,Certificate IV in Retail Nursery (AHC40716),100
AHC40810,Certificate IV in Sports Turf Management (AHC40810),100
AHC40816,Certificate IV in Sports Turf Management (AHC40816),100
AHC40910,Certificate IV in Conservation and Land Management (AHC40910),100
AHC40916,Certificate IV in Conservation and Land Management (AHC40916),100
AHC40920,Certificate IV in Conservation and Ecosystem Management (AHC40920),100
AHC40924,Certificate IV in Conservation and Ecosystem Management (AHC40924),100
AHC41010,Certificate IV in Agribusiness (AHC41010),100
AHC41016,Certificate IV in Agribusiness (AHC41016),100
AHC41019,Certificate IV in Agribusiness (AHC41019),100
AHC41024,Certificate IV in Agribusiness (AHC41024),100
AHC41110,Certificate IV in Irrigation (AHC41110),100
AHC41112,Certificate IV in Irrigation (AHC41112),100
AHC41116,Certificate IV in Irrigation (AHC41116),100
AHC41119,Certificate IV in Irrigation Management (AHC41119),100
AHC41124,Certificate IV in Irrigation Management (AHC41124),100
AHC41310,Certificate IV in Wool Classing (AHC41310),67
AHC41313,Certificate IV in Wool Classing (AHC41313),100
AHC41316,Certificate IV in Wool Classing (AHC41316),100
AHC41325,Certificate IV in Wool Classing (AHC41325),100
AHC41616,Certificate IV in Organic Farming (AHC41616),100
AHC42021,Certificate IV in Landscape Construction Management (AHC42021),100
AHC50110,Diploma of Agriculture (AHC50110),100
AHC50116,Diploma of Agriculture (AHC50116),100
AHC50122,Diploma of Agriculture (AHC50122),100
AHC50210,Diploma of Pork Production (AHC50210),67
AHC50213,Diploma of Pork Production (AHC50213),100
AHC50216,Diploma of Pork Production (AHC50216),100
AHC50310,Diploma of Production Horticulture (AHC50310),100
AHC50316,Diploma of Production Horticulture (AHC50316),100
AHC50410,Diploma of Horticulture (AHC50410),100
AHC50416,Diploma of Horticulture (AHC50416),100
AHC50422,Diploma of Horticulture Management (AHC50422),100
AHC50510,Diploma of Arboriculture (AHC50510),100
AHC50516,Diploma of Arboriculture (AHC50516),100
AHC50520,Diploma of Arboriculture (AHC50520),100
AHC50524,Diploma of Arboriculture (AHC50524),100
AHC50610,Diploma of Landscape Design (AHC50610),100
AHC50616,Diploma of Landscape Design (AHC50616),100
AHC50621,Diploma of Landscape Design (AHC50621),100
AHC50710,Diploma of Parks and Gardens Management (AHC50710),100
AHC50716,Diploma of Parks and Gardens Management (AHC50716),100
AHC50810,Diploma of Production Nursery Management (AHC50810),100
AHC50816,Diploma of Production Nursery Management (AHC50816),100
AHC50820,Diploma of Nursery Management (AHC50820),100
AHC50916,Diploma of Retail Nursery Management (AHC50916),100
AHC51010,Diploma of Sports Turf Management (AHC51010),100
AHC51016,Diploma of Sports Turf Management (AHC51016),100
AHC51019,Diploma of Sports Turf Management (AHC51019),100
AHC51024,Diploma of Sports Turf Management (AHC51024),100
AHC51110,Diploma of Conservation and Land Management (AHC51110),100
AHC51116,Diploma of Conservation and Land Management (AHC51116),100
AHC51120,Diploma of Conservation and Ecosystem Management (AHC51120),100
AHC51210,Diploma of Community Coordination and Facilitation (AHC51210),100
AHC51216,Diploma of Community Coordination and Facilitation (AHC51216),100
AHC51222,Diploma of Community Group Coordination and Facilitation (AHC51222),100
AHC51310,Diploma of Pest Management (AHC51310),100
AHC51316,Diploma of Pest Management (AHC51316),100
AHC51324,Diploma of Pest Management (AHC51324),100
AHC51410,Diploma of Agribusiness Management (AHC51410),100
AHC51416,Diploma of Agribusiness Management (AHC51416),100
AHC51419,Diploma of Agribusiness Management (AHC51419),100
AHC51422,Diploma of Agribusiness Management (AHC51422),100
AHC51513,Diploma of Viticulture (AHC51513),100
AHC51516,Diploma of Viticulture (AHC51516),100
AHC51610,Diploma of Irrigation Management (AHC51610),100
AHC51710,Diploma of Rural Machinery Management (AHC51710),95
AHC51816,Diploma of Organic Farming (AHC51816),100
AHC52021,Diploma of Landscape Construction Management (AHC52021),100
AHC60110,Advanced Diploma of Agriculture (AHC60110),95
AHC60210,Advanced Diploma of Horticulture (AHC60210),100
AHC60216,Advanced Diploma of Horticulture (AHC60216),100
AHC60310,Advanced Diploma of Agribusiness Management (AHC60310),100
AHC60316,Advanced Diploma of Agribusiness Management (AHC60316),100
AHC60319,Advanced Diploma of Agribusiness Management (AHC60319),100
AHC60410,Advanced Diploma of Conservation and Land Management (AHC60410),100
AHC60415,Advanced Diploma of Conservation and Land Management (AHC60415),100
AHC60422,Advanced Diploma of Conservation and Ecosystem Management (AHC60422),100
AHCSS00002,Agricultural Chemical Skill Set,95
AHCSS00005,Irrigation Agronomist Skill Set,19
AHCSS00006,Irrigation Contractor Skill Set,19
AHCSS00008,Irrigation Manager Skill Set,19
AHCSS00052,Pork Industry Stockperson Skill Set (AHCSS00052),100
AHCSS00060,Poultry Meat Industry Stockpersons Skill Set (AHCSS00060),100
AHCSS00068,Production Horticulture Technology Skill Set (AHCSS00068),100
AHCSS00088,Farm Business Workforce Skill Set (AHCSS00088),100
AHCSS00098,Pressurised Irrigation System Operator Skill Set (AHCSS00098),100
AHCSS00122,Pork Industry Stockperson Skill Set (AHCSS00122),100
AHCSS00192,Introduction to the Wool Harvesting Industry Skill Set (AHCSS00192),100
AHCSS00193,Skillset of Production Horticulture Technology Skill Set (AHCSS00193),100
AMP20116,Certificate II in Meat Processing (Food Services) (AMP20116),90
AMP20117,Certificate II in Meat Processing (Food Services) (AMP20117),90
AMP20216,Certificate II in Meat Processing (Smallgoods) (AMP20216),100
AMP20316,Certificate II in Meat Processing (Abattoirs) (AMP20316),90
AMP20415,Certificate II in Meat Processing (Meat Retailing) (AMP20415),100
AMP30116,Certificate III in Meat Processing (Boning Room) (AMP30116),100
AMP30216,Certificate III in Meat Processing (Food Services) (AMP30216),100
AMP30316,Certificate III in Meat Processing (Meat Safety) (AMP30316),100
AMP30322,Certificate III in Meat Safety Inspection (AMP30322),100
AMP30416,Certificate III in Meat Processing (Rendering) (AMP30416),100
AMP30421,Certificate III in Meat Processing (Rendering) (AMP30421),100
AMP30516,Certificate III in Meat Processing (Slaughtering) (AMP30516),100
AMP30616,Certificate III in Meat Processing (General) (AMP30616),100
AMP30622,Certificate III in Meat Processing (AMP30622),100
AMP30815,Certificate III in Meat Processing (Retail Butcher) (AMP30815),100
AMP30916,Certificate III in Meat Processing (Smallgoods - General) (AMP30916),100
AMP31016,Certificate III in Meat Processing (Smallgoods - Manufacture) (AMP31016),100
AMP40215,Certificate IV in Meat Processing (General) (AMP40215),100
AMP40222,Certificate IV in Meat Processing (AMP40222),100
AMP40315,Certificate IV in Meat Processing (Leadership) (AMP40315),100
AMP40415,Certificate IV in Meat Processing (Quality Assurance) (AMP40415),100
AMP40516,Certificate IV in Meat Processing (Meat Safety) (AMP40516),100
AMP40522,Certificate IV in Meat Safety Inspection (AMP40522),100
AMP50115,Diploma of Meat Processing (Meat Retailing) (AMP50115),100
AMP50215,Diploma of Meat Processing (AMP50215),100
AMPSS00001,Animal Welfare Officer Skill Set (AMPSS00001),100
AMPSS00005,Basic Meat Industry Skill Set (AMPSS00005),100
AMPSS00018,Game Harvester Skill Set (AMPSS00018),100
AMPSS00020,Game Pre-dressing Inspection Skill Set (AMPSS00020),100
AMPSS00036,Meat Hygiene Assessment Officer Skill Set (AMPSS00036),100
AMPSS00044,Meat Processing Core Skill Set (AMPSS00044),100
AUM10108,Certificate I in Automotive Manufacturing (Passenger Motor Vehicle),100
AUM20108,Certificate II in Automotive Manufacturing (Passenger Motor Vehicle),100
AUM20113,Certificate II in Automotive Manufacturing Production - Passenger Motor Vehicle,100
AUM20118,Certificate II in Automotive Manufacturing Production - Passenger Motor Vehicle,100
AUM20213,"Certificate II in Automotive Manufacturing Production - Bus, Truck and Trailer",100
AUM20218,"Certificate II in Automotive Manufacturing Production – Bus, Truck and Trailer",100
AUM25108,Certificate II in Automotive Manufacturing (Bus/Truck/Trailer) (AUM25108),100
AUM30108,Certificate III in Automotive Manufacturing - Manufacturing Specialist (Passenger,100
AUM30113,Certificate III in Automotive Manufacturing Technical Operations - Passenger,100
AUM30212,"Certificate III in Automotive Manufacturing Technical Operations - Bus, Truck",95
AUM30213,"Certificate III in Automotive Manufacturing Technical Operations - Bus, Truck",100
AUM30218,"Certificate III in Automotive Manufacturing Technical Operations - Bus, Truck",100
AUM35108,Certificate III in Automotive Manufacturing (Bus/Truck/Trailer) (AUM35108),100
AUM40108,Certificate IV in Automotive Manufacturing - Automotive Development,100
AUM40113,Certificate IV in Automotive Manufacturing (AUM40113),100
AUM45108,Certificate IV in Automotive Manufacturing (Bus/Truck/Trailer) (AUM45108),100
AUM50108,Diploma of Automotive Manufacturing - Automotive Development (Passenger,100
AUM50113,Diploma of Automotive Manufacturing (AUM50113),100
AUR10105,Certificate I in Automotive (AUR10105),95
AUR20105,Certificate II in Automotive Administration (AUR20105),95
AUR20112,Certificate II in Automotive Administration (AUR20112),95
AUR20116,Certificate II in Automotive Administration (AUR20116),100
AUR20205,Certificate II in Automotive Aftermarket Manufacturing (AUR20205),90
AUR20212,Certificate II in Automotive Air Conditioning Technology (AUR20212),90
AUR20216,Certificate II in Automotive Air Conditioning Technology (AUR20216),95
AUR20218,Certificate II in Automotive Air Conditioning Technology (AUR20218),95
AUR20220,Certificate II in Automotive Air Conditioning Technology (AUR20220),95
AUR20305,Certificate II in Bicycles (AUR20305),100
AUR20311,Certificate II in Bicycles (AUR20311),95
AUR20312,Certificate II in Bicycle Mechanical Technology (AUR20312),95
AUR20316,Certificate II in Bicycle Mechanical Technology (AUR20316),100
AUR20320,Certificate II in Bicycle Mechanical Technology (AUR20320),100
AUR20408,Certificate II in Automotive Electrical Technology (AUR20408),90
AUR20412,Certificate II in Automotive Electrical Technology (AUR20412),90
AUR20416,Certificate II in Automotive Electrical Technology (AUR20416),95
AUR20420,Certificate II in Automotive Electrical Technology (AUR20420),95
AUR20505,Certificate II in Automotive Vehicle Servicing (AUR20505),76
AUR20512,Certificate II in Automotive Servicing Technology (AUR20512),76
AUR20516,Certificate II in Automotive Servicing Technology (AUR20516),80
AUR20520,Certificate II in Automotive Servicing Technology (AUR20520),80
AUR20611,Certificate II in Marine (AUR20611),90
AUR20612,Certificate II in Marine Mechanical Technology (AUR20612),90
AUR20616,Certificate II in Marine Mechanical Technology (AUR20616),95
AUR20705,Certificate II in Automotive Mechanical (AUR20705),90
AUR20712,Certificate II in Automotive Vocational Preparation (AUR20712),95
AUR20716,Certificate II in Automotive Vocational Preparation (AUR20716),100
AUR20720,Certificate II in Automotive Vocational Preparation (AUR20720),100
AUR20805,Certificate II in Outdoor Power Equipment (AUR20805),95
AUR20811,Certificate II in Outdoor Power Equipment (AUR20811),90
AUR20812,Certificate II in Outdoor Power Equipment Technology (AUR20812),90
AUR20905,Certificate II in Automotive Vehicle Body (AUR20905),76
AUR20912,Certificate II in Automotive Body Repair Technology (AUR20912),76
AUR20916,Certificate II in Automotive Body Repair Technology (AUR20916),80
AUR20920,Certificate II in Automotive Body Repair Technology (AUR20920),80
AUR21011,Certificate II in Motorsport (AUR21011),95
AUR21105,Certificate II in Automotive Sales (AUR21105),95
AUR21112,Certificate II in Automotive Sales (AUR21112),95
AUR21116,Certificate II in Automotive Sales (AUR21116),100
AUR21120,Certificate II in Automotive Sales (AUR21120),100
AUR21205,Certificate II in Automotive Warehousing/Distribution Operations (AUR21205),95
AUR21212,Certificate II in Automotive Underbody Technology (AUR21212),90
AUR21216,Certificate II in Automotive Underbody Technology (AUR21216),95
AUR21220,Certificate II in Automotive Underbody Technology (AUR21220),100
AUR21312,Certificate II in Automotive Braking System Technology (AUR21312),90
AUR21316,Certificate II in Automotive Braking System Technology (AUR21316),95
AUR21412,Certificate II in Automotive Cooling System Technology (AUR21412),90
AUR21416,Certificate II in Automotive Cooling System Technology (AUR21416),95
AUR21512,Certificate II in Automotive Cylinder Head Reconditioning (AUR21512),90
AUR21516,Certificate II in Automotive Cylinder Head Reconditioning (AUR21516),95
AUR21520,Certificate II in Automotive Cylinder Head Reconditioning (AUR21520),95
AUR21612,Certificate II in Automotive Driveline System Technology (AUR21612),90
AUR21616,Certificate II in Automotive Driveline System Technology (AUR21616),95
AUR21712,Certificate II in Automotive Exhaust System Technology (AUR21712),90
AUR21716,Certificate II in Automotive Exhaust System Technology (AUR21716),95
AUR21812,Certificate II in Automotive Steering and Suspension System Technology,90
AUR21816,Certificate II in Automotive Steering and Suspension System Technology,95
AUR21820,Certificate II in Automotive Steering and Suspension System Technology,95
AUR21912,Certificate II in Automotive Tyre Servicing Technology (AUR21912),90
AUR21913,Certificate II in Automotive Tyre Servicing Technology (AUR21913),90
AUR21916,Certificate II in Automotive Tyre Servicing Technology (AUR21916),95
AUR21920,Certificate II in Automotive Tyre Servicing Technology (AUR21920),95
AUR30105,Certificate III in Automotive Administration (AUR30105),48
AUR30112,Certificate III in Automotive Administration (AUR30112),95
AUR30116,Certificate III in Automotive Administration (AUR30116),100
AUR30205,Certificate III in Bicycles (AUR30205),100
AUR30211,Certificate III in Bicycles (AUR30211),95
AUR30212,Certificate III in Bicycle Workshop Operations (AUR30212),95
AUR30216,Certificate III in Bicycle Workshop Operations (AUR30216),100
AUR30220,Certificate III in Bicycle Workshop Operations (AUR30220),100
AUR30305,Certificate III in Automotive Electrical Technology (AUR30305),100
AUR30308,Certificate III in Automotive Electrical Technology (AUR30308),95
AUR30312,Certificate III in Automotive Electrical Technology (AUR30312),95
AUR30316,Certificate III in Automotive Electrical Technology (AUR30316),100
AUR30320,Certificate III in Automotive Electrical Technology (AUR30320),100
AUR30405,Certificate III in Automotive Mechanical Technology (AUR30405),95
AUR30412,Certificate III in Agricultural Mechanical Technology (AUR30412),95
AUR30416,Certificate III in Agricultural Mechanical Technology (AUR30416),100
AUR30420,Certificate III in Agricultural Mechanical Technology (AUR30420),100
AUR30505,Certificate III in Marine (AUR30505),100
AUR30511,Certificate III in Marine (AUR30511),95
AUR30512,Certificate III in Marine Mechanical Technology (AUR30512),95
AUR30514,Certificate III in Marine Mechanical Technology (AUR30514),95
AUR30516,Certificate III in Marine Mechanical Technology (AUR30516),100
AUR30520,Certificate III in Marine Mechanical Technology (AUR30520),100
AUR30605,Certificate III in Automotive Specialist (AUR30605),100
AUR30611,Certificate III in Automotive Specialist (AUR30611),95
AUR30612,Certificate III in Light Vehicle Mechanical Technology (AUR30612),99
AUR30616,Certificate III in Light Vehicle Mechanical Technology (AUR30616),104
AUR30620,Certificate III in Light Vehicle Mechanical Technology (AUR30620),104
AUR30705,Certificate III in Outdoor Power Equipment (AUR30705),100
AUR30711,Certificate III in Outdoor Power Equipment (AUR30711),95
AUR30712,Certificate III in Outdoor Power Equipment Technology (AUR30712),86
AUR30713,Certificate III in Outdoor Power Equipment Technology (AUR30713),95
AUR30716,Certificate III in Outdoor Power Equipment Technology (AUR30716),100
AUR30720,Certificate III in Outdoor Power Equipment Technology (AUR30720),100
AUR30805,Certificate III in Automotive Vehicle Body (AUR30805),95
AUR30812,Certificate III in Motorcycle Mechanical Technology (AUR30812),95
AUR30816,Certificate III in Motorcycle Mechanical Technology (AUR30816),100
AUR30820,Certificate III in Motorcycle Mechanical Technology (AUR30820),100
AUR30911,Certificate III in Motorsport (AUR30911),100
AUR31005,Certificate III in Automotive Sales (AUR31005),95
AUR31012,Certificate III in Automotive Sales (AUR31012),95
AUR31016,Certificate III in Automotive Sales (AUR31016),100
AUR31020,Certificate III in Automotive Sales (AUR31020),100
AUR31105,Certificate III in Automotive Warehousing/Distribution Operations (AUR31105),95
AUR31112,Certificate III in Heavy Commercial Vehicle Mechanical Technology (AUR31112),99
AUR31114,Certificate III in Heavy Commercial Vehicle Mechanical Technology (AUR31114),99
AUR31116,Certificate III in Heavy Commercial Vehicle Mechanical Technology (AUR31116),104
AUR31120,Certificate III in Heavy Commercial Vehicle Mechanical Technology (AUR31120),104
AUR31205,"Certificate III in Automotive Retail, Service and Repair (AUR31205)",95
AUR31212,Certificate III in Mobile Plant Technology (AUR31212),95
AUR31216,Certificate III in Mobile Plant Technology (AUR31216),100
AUR31220,Certificate III in Mobile Plant Technology (AUR31220),100
AUR31316,Certificate III in Automotive Engine Reconditioning (AUR31316),100
AUR31412,Certificate III in Automotive Diesel Fuel Technology (AUR31412),95
AUR31416,Certificate III in Automotive Diesel Fuel Technology (AUR31416),100
AUR31420,Certificate III in Automotive Diesel Fuel Technology (AUR31420),100
AUR31512,Certificate III in Automotive Diesel Engine Technology (AUR31512),95
AUR31516,Certificate III in Automotive Diesel Engine Technology (AUR31516),100
AUR31520,Certificate III in Automotive Diesel Engine Technology (AUR31520),100
AUR31612,Certificate III in Automotive Drivetrain Technology (AUR31612),95
AUR31616,Certificate III in Automotive Drivetrain Technology (AUR31616),100
AUR31712,Certificate III in Forklift Technology (AUR31712),95
AUR31716,Certificate III in Forklift Technology (AUR31716),100
AUR31812,Certificate III in Heavy Commercial Trailer Technology (AUR31812),95
AUR31816,Certificate III in Heavy Commercial Trailer Technology (AUR31816),100
AUR31820,Certificate III in Heavy Commercial Trailer Technology (AUR31820),100
AUR31912,Certificate III in Elevating Work Platform Technology (AUR31912),95
AUR31916,Certificate III in Elevating Work Platform Technology (AUR31916),100
AUR32012,Certificate III in Automotive Alternative Fuel Technology (AUR32012),95
AUR32016,Certificate III in Automotive Alternative Fuel Technology (AUR32016),100
AUR32112,Certificate III in Automotive Body Repair Technology (AUR32112),99
AUR32116,Certificate III in Automotive Body Repair Technology (AUR32116),104
AUR32120,Certificate III in Automotive Body Repair Technology (AUR32120),104
AUR32212,Certificate III in Automotive Glazing Technology (AUR32212),95
AUR32216,Certificate III in Automotive Glazing Technology (AUR32216),100
AUR32220,Certificate III in Automotive Glazing Technology (AUR32220),100
AUR32312,Certificate III in Automotive and Marine Trimming Technology (AUR32312),95
AUR32316,Certificate III in Automotive and Marine Trimming Technology (AUR32316),100
AUR32320,Certificate III in Automotive and Marine Trimming Technology (AUR32320),100
AUR32412,Certificate III in Automotive Refinishing Technology (AUR32412),99
AUR32416,Certificate III in Automotive Refinishing Technology (AUR32416),104
AUR32420,Certificate III in Automotive Refinishing Technology (AUR32420),100
AUR32512,Certificate III in Automotive Underbody Technology (AUR32512),95
AUR32516,Certificate III in Automotive Underbody Technology (AUR32516),100
AUR32518,Certificate III in Automotive Underbody Technology (AUR32518),100
AUR40105,Certificate IV in Automotive Management (AUR40105),95
AUR40112,Certificate IV in Automotive Management (AUR40112),95
AUR40116,Certificate IV in Automotive Management (AUR40116),100
AUR40208,Certificate IV in Automotive Technology (AUR40208),95
AUR40212,Certificate IV in Automotive Mechanical Diagnosis (AUR40212),95
AUR40216,Certificate IV in Automotive Mechanical Diagnosis (AUR40216),100
AUR40226,Certificate IV in Automotive Mechanical Diagnosis (AUR40226),100
AUR40305,Certificate IV in Motorsport (AUR40305),100
AUR40405,Certificate IV in Automotive Performance Enhancement (AUR40405),100
AUR40812,Certificate IV in Automotive Mechanical Overhauling (AUR40812),95
AUR50105,Diploma of Automotive Management (AUR50105),95
AUR50112,Diploma of Automotive Management (AUR50112),95
AUR50205,Diploma of Automotive Technology (AUR50205),95
AUR50212,Diploma of Automotive Technology (AUR50212),95
AUR50216,Diploma of Automotive Technology (AUR50216),100
AUR50305,Diploma of Motorsport (AUR50305),100
AURSS00003,Hybrid Electric Vehicle Inspection and Servicing Skill Set,95
AURSS00014,Hybrid Electric Vehicle Inspection and Servicing Skill Set,19
AURSS00037,Hybrid Electric Vehicle Inspection and Servicing Skill Set (AURSS00037),100
AURSS00064,Battery Electric Vehicle Inspection and Servicing Skill Set (AURSS00064),100
AVI10108,Certificate I in Aviation (Foundation Skills) (AVI10108),100
AVI20208,Certificate II in Aviation (Flight Operations) (AVI20208),100
AVI20408,Certificate II in Aviation (Ground Operations and Service) (AVI20408),100
AVI30208,Certificate III in Aviation (Flight Operations) (AVI30208),100
AVI30319,Certificate III in Aviation (Ground Operations and Service) (AVI30319),100
AVI30408,Certificate III in Aviation (Ground Operations and Service) (AVI30408),100
AVI30416,Certificate III in Aviation (Ground Operations and Service) (AVI30416),100
AVI30510,Certificate III in Aviation (Rescue Crewman) (AVI30510),100
AVI40108,Certificate IV in Aviation (Commercial Pilot Aeroplane Licence) (AVI40108),95
AVI40208,Certificate IV in Aviation (Commercial Pilot Helicopter Licence) (AVI40208),95
AVI40408,Certificate IV in Aviation (Ground Operations and Service) (AVI40408),100
AVI40508,Certificate IV in Aviation (Leadership and Supervision) (AVI40508),100
AVI40610,Certificate IV in Aviation (Aircrewman) (AVI40610),100
AVI50215,Diploma of Aviation (Commercial Pilot Licence - Aeroplane) (AVI50215),100
AVI50308,Diploma of Aviation (Air Traffic Control) (AVI50308),100
AVI50315,Diploma of Aviation (Commercial Pilot Licence - Helicopter) (AVI50315),100
AVI50408,Diploma of Aviation (Instrument Flight Operations) (AVI50408),95
AVI50415,Diploma of Aviation (Instrument Rating) (AVI50415),100
AVI50510,Diploma of Aviation (Flight Instructor) (AVI50510),95
AVI50516,Diploma of Aviation (Flight Instructor) (AVI50516),100
AVI50519,Diploma of Aviation (Instrument Rating) (AVI50519),100
AVI60110,Advanced Diploma of Aviation (Flight Instruction) (AVI60110),100
BSB10107,Certificate I in Business (BSB10107),67
BSB20107,Certificate II in Business (BSB20107),67
BSB20112,Certificate II in Business (BSB20112),67
BSB20115,Certificate II in Business (BSB20115),100
BSB20207,Certificate II in Customer Contact (BSB20207),100
BSB20211,Certificate II in Customer Contact (BSB20211),95
BSB20215,Certificate II in Customer Engagement (BSB20215),100
BSB30110,Certificate III in Business (BSB30110),48
BSB30112,Certificate III in Business (BSB30112),95
BSB30115,Certificate III in Business (BSB30115),100
BSB30120,Certificate III in Business (BSB30120),100
BSB30207,Certificate III in Customer Contact (BSB30207),20
BSB30211,Certificate III in Customer Contact (BSB30211),95
BSB30215,Certificate III in Customer Engagement (BSB30215),100
BSB30220,Certificate III in Entrepreneurship and New Business (BSB30220),100
BSB30307,Certificate III in Micro Business Operations (BSB30307),48
BSB30315,Certificate III in Micro Business Operations (BSB30315),100
BSB30320,Certificate III in Legal Services (BSB30320),100
BSB30407,Certificate III in Business Administration (BSB30407),48
BSB30412,Certificate III in Business Administration (BSB30412),95
BSB30415,Certificate III in Business Administration (BSB30415),100
BSB30420,Certificate III in Library and Information Services (BSB30420),100
BSB30507,Certificate III in Business Administration(International Education) (BSB30507),100
BSB30607,Certificate III in International Trade (BSB30607),100
BSB30615,Certificate III in International Trade (BSB30615),100
BSB30707,Certificate III in Occupational Health and Safety (BSB30707),95
BSB30712,Certificate III in Work Health and Safety (BSB30712),95
BSB30715,Certificate III in Work Health and Safety (BSB30715),100
BSB30807,Certificate III in Recordkeeping (BSB30807),19
BSB30815,Certificate III in Recordkeeping (BSB30815),100
BSB30907,Certificate III in Business Administration (Education) (BSB30907),48
BSB30912,Certificate III in Business Administration (Education) (BSB30912),48
BSB30915,Certificate III in Business Administration (Education) (BSB30915),100
BSB31007,Certificate III in Business Administration (Legal) (BSB31007),48
BSB31012,Certificate III in Business Administration (Legal) (BSB31012),48
BSB31015,Certificate III in Business Administration (Legal) (BSB31015),100
BSB31107,Certificate III in Business Administration (Medical) (BSB31107),48
BSB31112,Certificate III in Business Administration (Medical) (BSB31112),48
BSB31115,Certificate III in Business Administration (Medical) (BSB31115),100
BSB31207,Certificate III in Frontline Management (BSB31207),100
BSB31215,Certificate III in Library and Information Services (BSB31215),100
BSB40107,Certificate IV in Advertising (BSB40107),48
BSB40110,Certificate IV in Legal Services (BSB40110),48
BSB40115,Certificate IV in Advertising (BSB40115),48
BSB40120,Certificate IV in Business (BSB40120),100
BSB40207,Certificate IV in Business (BSB40207),48
BSB40212,Certificate IV in Business (BSB40212),48
BSB40215,Certificate IV in Business (BSB40215),100
BSB40307,Certificate IV in Customer Contact (BSB40307),100
BSB40311,Certificate IV in Customer Contact (BSB40311),48
BSB40312,Certificate IV in Customer Contact (BSB40312),48
BSB40315,Certificate IV in Customer Engagement (BSB40315),100
BSB40320,Certificate IV in Entrepreneurship and New Business (BSB40320),100
BSB40407,Certificate IV in Small Business Management (BSB40407),95
BSB40415,Certificate IV in Small Business Management (BSB40415),95
BSB40420,Certificate IV in Human Resource Management (BSB40420),100
BSB40507,Certificate IV in Business Administration (BSB40507),95
BSB40515,Certificate IV in Business Administration (BSB40515),100
BSB40520,Certificate IV in Leadership and Management (BSB40520),100
BSB40607,Certificate IV in Business Sales (BSB40607),100
BSB40610,Certificate IV in Business Sales (BSB40610),48
BSB40615,Certificate IV in Business Sales (BSB40615),100
BSB40620,Certificate IV in Legal Services (BSB40620),100
BSB40707,Certificate IV in Franchising (BSB40707),100
BSB40720,Certificate IV in Library and Information Services (BSB40720),100
BSB40807,Certificate IV in Frontline Management (BSB40807),48
BSB40812,Certificate IV in Frontline Management (BSB40812),95
BSB40820,Certificate IV in Marketing and Communication (BSB40820),100
BSB40907,Certificate IV in Governance (BSB40907),48
BSB40920,Certificate IV in Project Management Practice (BSB40920),100
BSB41007,Certificate IV in Human Resources (BSB41007),19
BSB41013,Certificate IV in Human Resources (BSB41013),95
BSB41015,Certificate IV in Human Resources (BSB41015),100
BSB41107,Certificate IV in International Trade (BSB41107),48
BSB41115,Certificate IV in International Trade (BSB41115),100
BSB41207,Certificate IV in Legal Services (BSB41207),100
BSB41307,Certificate IV in Marketing (BSB41307),48
BSB41315,Certificate IV in Marketing (BSB41315),48
BSB41407,Certificate IV in Occupational Health and Safety (BSB41407),19
BSB41412,Certificate IV in Work Health and Safety (BSB41412),48
BSB41415,Certificate IV in Work Health and Safety (BSB41415),100
BSB41419,Certificate IV in Work Health and Safety (BSB41419),100
BSB41507,Certificate IV in Project Management (BSB41507),48
BSB41513,Certificate IV in Project Management Practice (BSB41513),95
BSB41515,Certificate IV in Project Management Practice (BSB41515),100
BSB41607,Certificate IV in Purchasing (BSB41607),48
BSB41615,Certificate IV in Purchasing (BSB41615),100
BSB41618,Certificate IV in Business (Procurement) (BSB41618),100
BSB41707,Certificate IV in Recordkeeping (BSB41707),95
BSB41807,Certificate IV in Unionism and Industrial Relations (BSB41807),100
BSB41910,Certificate IV in Business (Governance) (BSB41910),95
BSB42015,Certificate IV in Leadership and Management (BSB42015),100
BSB42115,Certificate IV in Library and Information Services (BSB42115),100
BSB42215,Certificate IV in Legal Services (BSB42215),100
BSB42415,Certificate IV in Marketing and Communication (BSB42415),100
BSB42615,Certificate IV in New Small Business (BSB42615),100
BSB42618,Certificate IV in New Small Business (BSB42618),100
BSB50107,Diploma of Advertising (BSB50107),48
BSB50110,Diploma of Legal Services (BSB50110),48
BSB50115,Diploma of Advertising (BSB50115),48
BSB50120,Diploma of Business (BSB50120),100
BSB50207,Diploma of Business (BSB50207),48
BSB50215,Diploma of Business (BSB50215),100
BSB50307,Diploma of Customer Contact (BSB50307),100
BSB50320,Diploma of Human Resource Management (BSB50320),100
BSB50407,Diploma of Business Administration (BSB50407),48
BSB50415,Diploma of Business Administration (BSB50415),100
BSB50420,Diploma of Leadership and Management (BSB50420),100
BSB50507,Diploma of Franchising (BSB50507),100
BSB50520,Diploma of Library and Information Services (BSB50520),100
BSB50607,Diploma of Human Resources Management (BSB50607),19
BSB50613,Diploma of Human Resources Management (BSB50613),95
BSB50615,Diploma of Human Resources Management (BSB50615),100
BSB50618,Diploma of Human Resources Management (BSB50618),100
BSB50620,Diploma of Marketing and Communication (BSB50620),100
BSB50710,Diploma of Business (Governance) (BSB50710),100
BSB50720,Diploma of Paralegal Services (BSB50720),100
BSB50807,Diploma of International Business (BSB50807),48
BSB50815,Diploma of International Business (BSB50815),100
BSB50820,Diploma of Project Management (BSB50820),100
BSB50920,Diploma of Quality Auditing (BSB50920),100
BSB51107,Diploma of Management (BSB51107),48
BSB51207,Diploma of Marketing (BSB51207),48
BSB51215,Diploma of Marketing (BSB51215),48
BSB51307,Diploma of Occupational Health and Safety (BSB51307),19
BSB51312,Diploma of Work Health and Safety (BSB51312),95
BSB51315,Diploma of Work Health and Safety (BSB51315),100
BSB51319,Diploma of Work Health and Safety (BSB51319),100
BSB51407,Diploma of Project Management (BSB51407),48
BSB51413,Diploma of Project Management (BSB51413),48
BSB51415,Diploma of Project Management (BSB51415),100
BSB51507,Diploma of Purchasing (BSB51507),48
BSB51515,Diploma of Purchasing (BSB51515),100
BSB51518,Diploma of Business (Procurement) (BSB51518),100
BSB51607,Diploma of Quality Auditing (BSB51607),19
BSB51615,Diploma of Quality Auditing (BSB51615),100
BSB51707,Diploma of Recordkeeping (BSB51707),100
BSB51715,Diploma of Recordkeeping (BSB51715),100
BSB51807,Diploma of Unionism and Industrial Relations (BSB51807),100
BSB51915,Diploma of Leadership and Management (BSB51915),100
BSB51918,Diploma of Leadership and Management (BSB51918),100
BSB52115,Diploma of Library and Information Services (BSB52115),100
BSB52215,Diploma of Legal Services (BSB52215),100
BSB52415,Diploma of Marketing and Communication (BSB52415),100
BSB60107,Advanced Diploma of Advertising (BSB60107),100
BSB60110,Advanced Diploma of Advertising (BSB60110),48
BSB60115,Advanced Diploma of Advertising (BSB60115),48
BSB60207,Advanced Diploma of Business (BSB60207),48
BSB60215,Advanced Diploma of Business (BSB60215),100
BSB60220,Advanced Diploma of Conveyancing (BSB60220),100
BSB60307,Advanced Diploma of Customer Contact (BSB60307),100
BSB60320,Advanced Diploma of Human Resource Management (BSB60320),100
BSB60407,Advanced Diploma of Management (BSB60407),95
BSB60507,Advanced Diploma of Marketing (BSB60507),48
BSB60515,Advanced Diploma of Marketing (BSB60515),48
BSB60520,Advanced Diploma of Marketing and Communication (BSB60520),100
BSB60607,Advanced Diploma of Occupational Health and Safety (BSB60607),95
BSB60612,Advanced Diploma of Work Health and Safety (BSB60612),95
BSB60615,Advanced Diploma of Work Health and Safety (BSB60615),100
BSB60707,Advanced Diploma of Project Management (BSB60707),95
BSB60807,Advanced Diploma of Recordkeeping (BSB60807),100
BSB60815,Advanced Diploma of Recordkeeping (BSB60815),100
BSB60907,Advanced Diploma of Management (HumanResources) (BSB60907),48
BSB60915,Advanced Diploma of Management (Human Resources) (BSB60915),100
BSB61015,Advanced Diploma of Leadership and Management (BSB61015),100
BSB61115,Advanced Diploma of Conveyancing (BSB61115),100
BSB61215,Advanced Diploma of Program Management (BSB61215),100
BSB61218,Advanced Diploma of Program Management (BSB61218),100
BSB61315,Advanced Diploma of Marketing and Communication (BSB61315),100
BSBSS00040,Innovation Leadership Skill Set (BSBSS00040),100
BSBSS00041,Innovation Practice Skill Set (BSBSS00041),100
BSBSS00051,Small Business Home-Based Business Skill Set (BSBSS00051),100
BSBSS00055,Small Business Operations Preparatory Skill Set (BSBSS00055),100
BSBSS00056,Small Business Preparatory Skill Set (BSBSS00056),100
BSBSS00064,Promoting Diversity Awareness in the Workplace Skill Set (BSBSS00064),100
BSBSS00066,Managing Cultural Diversity Skill Set (BSBSS00066),100
BSBSS00091,Capture and Present Big Data Skill Set (BSBSS00091),100
BSBSS00092,Manage Big Data Skill Set (BSBSS00092),100
BSBSS00093,Cyber Security Threat Assessment and Risk Management Skill Set,100
BSBSS00096,Innovation Practice Skill Set (BSBSS00096),100
CHC10108,Certificate I in Work Preparation (Community services) (CHC10108),95
CHC10208,Certificate I in Active Volunteering (CHC10208),100
CHC10212,Certificate I in Active Volunteering (CHC10212),95
CHC20108,Certificate II in Community Services (CHC20108),100
CHC20112,Certificate II in Community Services (CHC20112),95
CHC20208,Certificate II in Active Volunteering (CHC20208),100
CHC20212,Certificate II in Active Volunteering (CHC20212),95
CHC22015,Certificate II in Community Services (CHC22015),100
CHC30108,Certificate III in Community Services Work (CHC30108),100
CHC30112,Certificate III in Community Services Work (CHC30112),95
CHC30113,Certificate III in Early Childhood Education and Care (CHC30113),100
CHC30121,Certificate III in Early Childhood Education and Care (CHC30121),100
CHC30125,Certificate III in Early Childhood Education and Care (CHC30125),100
CHC30208,Certificate III in Aged Care (CHC30208),100
CHC30212,Certificate III in Aged Care (CHC30212),95
CHC30213,Certificate III in Education Support (CHC30213),100
CHC30221,Certificate III in School Based Education Support (CHC30221),100
CHC30308,Certificate III in Home and Community Care (CHC30308),100
CHC30312,Certificate III in Home and Community Care (CHC30312),95
CHC30408,Certificate III in Disability (CHC30408),95
CHC30508,Certificate III in Social Housing (CHC30508),100
CHC30512,Certificate III in Social Housing (CHC30512),95
CHC30608,Certificate III in Active Volunteering (CHC30608),100
CHC30612,Certificate III in Active Volunteering (CHC30612),67
CHC30708,Certificate III in Children's Services (CHC30708),100
CHC30712,Certificate III in Children's Services (CHC30712),86
CHC30808,Certificate III in Education Support (CHC30808),100
CHC30812,Certificate III in Education Support (CHC30812),48
CHC30908,Certificate III in Employment Services (CHC30908),100
CHC30912,Certificate III in Employment Services (CHC30912),95
CHC31008,Certificate III in Telephone Counselling Skills (CHC31008),95
CHC32015,Certificate III in Community Services (CHC32015),100
CHC33015,Certificate III in Individual Support (CHC33015),100
CHC33021,Certificate III in Individual Support (CHC33021),100
CHC40108,Certificate IV in Aged Care (CHC40108),95
CHC40113,Certificate IV in School Age Education and Care (CHC40113),100
CHC40208,Certificate IV in Home and Community Care (CHC40208),100
CHC40212,Certificate IV in Home and Community Care (CHC40212),95
CHC40213,Certificate IV in Education Support (CHC40213),100
CHC40221,Certificate IV in School Based Education Support (CHC40221),100
CHC40225,Certificate IV in School Based Education Support (CHC40225),100
CHC40308,Certificate IV in Disability (CHC40308),100
CHC40312,Certificate IV in Disability (CHC40312),95
CHC40313,"Certificate IV in Child, Youth and Family Intervention (CHC40313)",100
CHC40321,"Certificate IV in Child, Youth and Family Intervention (CHC40321)",100
CHC40408,Certificate IV in Alcohol and Other Drugs Work (CHC40408),100
CHC40412,Certificate IV in Alcohol and Other Drugs (CHC40412),95
CHC40413,Certificate IV in Youth Work (CHC40413),100
CHC40421,Certificate IV in Youth Work (CHC40421),100
CHC40508,Certificate IV in Mental Health (CHC40508),100
CHC40512,Certificate IV in Mental Health (CHC40512),95
CHC40513,Certificate IV in Youth Justice (CHC40513),100
CHC40608,Certificate IV in Leisure and Health (CHC40608),95
CHC40708,Certificate IV in Community Services Work (CHC40708),95
CHC40808,Certificate IV in Community Development (CHC40808),95
CHC40908,Certificate IV in Social Housing (CHC40908),100
CHC40912,Certificate IV in Social Housing (CHC40912),67
CHC41008,Certificate IV in Community Services Advocacy (CHC41008),100
CHC41012,Certificate IV in Community Services Advocacy (CHC41012),95
CHC41108,Certificate IV in Pastoral Care (CHC41108),100
CHC41112,Certificate IV in Pastoral Care (CHC41112),95
CHC41115,Certificate IV in Employment Services (CHC41115),100
CHC41208,Certificate IV in Children's Services (Outside school hours care) (CHC41208),100
CHC41212,Certificate IV in Children's Services (Outside school hours care) (CHC41212),86
CHC41215,Certificate IV in Career Development (CHC41215),100
CHC41308,Certificate IV in Children's Contact Services Work (CHC41308),95
CHC41408,"Certificate IV in Child, Youth and Family Intervention (Residential and out of",100
CHC41412,"Certificate IV in Child, Youth and Family Intervention (residential and out of",67
CHC41508,"Certificate IV in Child, Youth and Family Intervention (Child protection)",100
CHC41512,"Certificate IV in Child, Youth and Family Intervention (Child Protection)",67
CHC41608,"Certificate IV in Child, Youth and Family Intervention (Family support)",100
CHC41612,"Certificate IV in Child, Youth and Family Intervention (Family Support)",67
CHC41708,Certificate IV in Education Support (CHC41708),100
CHC41712,Certificate IV in Education Support (CHC41712),48
CHC41808,Certificate IV in Youth Work (CHC41808),100
CHC41812,Certificate IV in Youth Work (CHC41812),67
CHC41908,Certificate IV in Youth Justice (CHC41908),100
CHC41912,Certificate IV in Youth Justice (CHC41912),67
CHC42008,Certificate IV in Employment Services (CHC42008),100
CHC42012,Certificate IV in Employment Services (CHC42012),95
CHC42015,Certificate IV in Community Services (CHC42015),100
CHC42021,Certificate IV in Community Services (CHC42021),100
CHC42108,Certificate IV in Career Development (CHC42108),100
CHC42112,Certificate IV in Career Development (CHC42112),95
CHC42115,Certificate IV in Community Development (CHC42115),100
CHC42208,Certificate IV in Telephone Counselling Skills (CHC42208),100
CHC42212,Certificate IV in Telephone Counselling Skills (CHC42212),95
CHC42308,Certificate IV in Mediation (CHC42308),100
CHC42315,Certificate IV in Chaplaincy and Pastoral Care (CHC42315),100
CHC42408,Certificate IV in Relationship Education (CHC42408),100
CHC42412,Certificate IV in Relationship Education (CHC42412),67
CHC42508,"Certificate IV in Community Services (Information, advice and referral)",100
CHC42512,"Certificate IV in Community Services (Information, advice and referral)",95
CHC42708,Certificate IV in Volunteer Program Coordination (CHC42708),100
CHC42712,Certificate IV in Volunteer Program Coordination (CHC42712),95
CHC42810,Certificate IV in Community Services (Development and/or Humanitarian,100
CHC43015,Certificate IV in Ageing Support (CHC43015),100
CHC43115,Certificate IV in Disability (CHC43115),100
CHC43121,Certificate IV in Disability Support (CHC43121),100
CHC43215,Certificate IV in Alcohol and Other Drugs (CHC43215),100
CHC43315,Certificate IV in Mental Health (CHC43315),100
CHC43415,Certificate IV in Leisure and Health (CHC43415),100
CHC43515,Certificate IV in Mental Health Peer Work (CHC43515),100
CHC44015,Certificate IV in Coordination of volunteer programs (CHC44015),100
CHC50108,Diploma of Disability (CHC50108),95
CHC50113,Diploma of Early Childhood Education and Care (CHC50113),100
CHC50121,Diploma of Early Childhood Education and Care (CHC50121),100
CHC50125,Diploma of Early Childhood Education and Care (CHC50125),100
CHC50208,Diploma of Community Services (Alcohol and other drugs) (CHC50208),100
CHC50212,Diploma of Community Services (Alcohol and other drugs) (CHC50212),95
CHC50213,Diploma of School Age Education and Care (CHC50213),100
CHC50221,Diploma of School Age Education and Care (CHC50221),100
CHC50225,Diploma of School Age Education and Care (CHC50225),100
CHC50308,Diploma of Community Services (Mental health) (CHC50308),100
CHC50312,Diploma of Community Services (Mental health) (CHC50312),95
CHC50313,"Diploma of Child, Youth and Family Intervention (CHC50313)",100
CHC50408,"Diploma of Community Services (Alcohol, other drugs and mental health)",100
CHC50412,"Diploma of Community Services (Alcohol, other drugs and mental health)",95
CHC50413,Diploma of Youth Work (CHC50413),100
CHC50421,Diploma of Youth Work (CHC50421),100
CHC50425,Diploma of Youth Work (CHC50425),100
CHC50508,Diploma of Leisure and Health (CHC50508),100
CHC50512,Diploma of Leisure and Health (CHC50512),95
CHC50513,Diploma of Youth Justice (CHC50513),100
CHC50608,Diploma of Community Services Work (CHC50608),100
CHC50612,Diploma of Community Services Work (CHC50612),95
CHC50708,Diploma of Community Development (CHC50708),95
CHC50808,Diploma of Social Housing (CHC50808),100
CHC50908,Diploma of Children's Services (Early childhood education and care),95
CHC51008,Diploma of Children's Services (Outside school hours care) (CHC51008),67
CHC51015,Diploma of Counselling (CHC51015),100
CHC51108,Diploma of Children's Contact Services Work (CHC51108),100
CHC51115,Diploma of Financial Counselling (CHC51115),100
CHC51122,Diploma of Financial Counselling (CHC51122),100
CHC51208,"Diploma of Child, Youth and Family Intervention (CHC51208)",95
CHC51308,Diploma of Education Support (CHC51308),95
CHC51408,Diploma of Youth Work (CHC51408),67
CHC51508,Diploma of Youth Justice (CHC51508),100
CHC51512,Diploma of Youth Justice (CHC51512),67
CHC51608,Diploma of Employment Services (CHC51608),100
CHC51612,Diploma of Employment Services (CHC51612),95
CHC51708,Diploma of Counselling (CHC51708),100
CHC51712,Diploma of Counselling (CHC51712),95
CHC51808,Diploma of Family Intake and Support Work (CHC51808),100
CHC51812,Diploma of Family Intake and Support Work (CHC51812),95
CHC51908,Diploma of Relationship Education (CHC51908),100
CHC52008,Diploma of Community Services (Case management) (CHC52008),95
CHC52015,Diploma of Community Services (CHC52015),100
CHC52021,Diploma of Community Services (CHC52021),100
CHC52025,Diploma of Community Services (CHC52025),100
CHC52108,Diploma of Community Services (Financial counselling) (CHC52108),95
CHC52115,Diploma of Community Development (CHC52115),100
CHC52121,Diploma of Community Development (CHC52121),100
CHC52208,Diploma of Community Services Coordination (CHC52208),100
CHC52212,Diploma of Community Services Coordination (CHC52212),95
CHC52310,Diploma of Community Services (Development and/or Humanitarian Assistance),100
CHC53215,Diploma of Alcohol and Other Drugs (CHC53215),100
CHC53315,Diploma of Mental Health (CHC53315),100
CHC53415,Diploma of Leisure and Health (CHC53415),100
CHC60108,Advanced Diploma of Disability Work (CHC60108),100
CHC60208,Advanced Diploma of Children's Services (CHC60208),100
CHC60308,Advanced Diploma of Community Sector Management (CHC60308),100
CHC60312,Advanced Diploma of Community Sector Management (CHC60312),95
CHC62015,Advanced Diploma of Community Sector Management (CHC62015),100
CHCSS00013,Disability work skill set - active support of clients with a disability,67
CHCSS00014,Disability work skill set - behaviour support,67
CHCSS00015,Disability work skill set - disability advocacy,67
CHCSS00016,Disability work skill set - disability support in employment,67
CHCSS00017,Disability work skill set - people with a disability who are older,67
CHCSS00026,High support and complex care skill set - aged care,67
CHCSS00027,High support and complex care skill set - disability work,67
CHCSS00043,Oral health care skill set - to work with Aboriginal and/or Torres Strait Islander,67
CHCSS00044,Oral health care skill set - to work with aged care clients,67
CHCSS00046,Oral health care skill set - to work with people with disability,67
CHCSS00058,Education support work skill set (CHCSS00058),100
CHCSS00060,Early childhood skill set (CHCSS00060),100
CHCSS00063,Working with families skill set (CHCSS00063),100
CHCSS00066,Client-oriented service delivery skill set (CHCSS00066),100
CHCSS00067,Administer and Monitor Medication Skill Set (CHCSS00067),100
CHCSS00068,Advanced Early Childhood Education and Care Skill Set (CHCSS00068),100
CHCSS00069,Advocacy Skill Set (CHCSS00069),100
CHCSS00070,Assist Clients with Medication Skill Set (CHCSS00070),100
CHCSS00072,Building Inclusive Practices in Early Childhood Education and Care Skill Set,100
CHCSS00073,Case Management Skill Set (CHCSS00073),100
CHCSS00074,Child Protection (CHCSS00074),100
CHCSS00076,Coordinate Client Directed Services (CHCSS00076),100
CHCSS00078,High Support and Complex Care - Aged Care (CHCSS00078),100
CHCSS00079,Homelessness Support Work (CHCSS00079),100
CHCSS00080,High Support and Complex Care - Disability Skill Set (CHCSS00080),100
CHCSS00081,Induction to Disability (CHCSS00081),100
CHCSS00082,Disability Work - Behaviour Support Skill Set (CHCSS00082),100
CHCSS00083,Allied Health Assistance - Occupational Therapy Skill Set (CHCSS00083),100
CHCSS00084,Allied Health Assistance - Podiatry Skill Set (CHCSS00084),100
CHCSS00086,Allied Health Assistance - Speech Pathology Skill Set (CHCSS00086),100
CHCSS00088,Induction (CHCSS00088),100
CHCSS00089,Service Coordination and Collaboration (CHCSS00089),100
CHCSS00090,Supporting Children and Families with Complex Needs (CHCSS00090),100
CHCSS00092,Alcohol and Other Drugs Co-existing Needs Skill Set (CHCSS00092),100
CHCSS00093,Alcohol and Other Drugs Skill Set (CHCSS00093),100
CHCSS00094,High Support and Complex Care - Disability Skill Set (CHCSS00094),100
CHCSS00095,Dementia Support - Service Delivery Skill Set (CHCSS00095),100
CHCSS00096,Disability Work - Behaviour Support Skill Set (CHCSS00096),100
CHCSS00097,Individual Support - Ageing Skill Set (CHCSS00097),100
CHCSS00098,Individual Support - Disability Skill Set (CHCSS00098),100
CHCSS00099,Individual Support - Home and Community (Ageing) Skill Set (CHCSS00099),100
CHCSS00100,Individual Support - Home and Community (Disability) Skill Set (CHCSS00100),100
CHCSS00101,"Language, Literacy and Numeracy Tutor Skill Set (CHCSS00101)",100
CHCSS00102,Mental Health Co-existing Needs Skill Set (CHCSS00102),100
CHCSS00103,Mental Health Peer Work Skill Set (CHCSS00103),100
CHCSS00104,Peer Leadership Skill Set (CHCSS00104),100
CHCSS00105,Palliative Approach Skill Set (CHCSS00105),100
CHCSS00106,Facilitate Independent Travel Skill Set (CHCSS00106),100
CHCSS00107,Carer Support Skill Set (CHCSS00107),100
CHCSS00108,Skillset of Career Development Skill Set (CHCSS00108),100
CHCSS00113,Crisis Support Skill Set (CHCSS00113),100
CHCSS00114,Entry into Care Roles Skill Set (CHCSS00114),100
CHCSS00118,School Based Education Support Work Skill Set (CHCSS00118),100
CHCSS00122,Client-oriented Service Delivery Skill Set (CHCSS00122),100
CHCSS00123,Dementia Support Skill Set (CHCSS00123),100
CHCSS00124,Disability Work - Behaviour Support Skill Set (CHCSS00124),100
CHCSS00126,Facilitate Independent Travel Skill Set (CHCSS00126),100
CHCSS00127,High Support and Complex Care - Aged Care Skill Set (CHCSS00127),100
CHCSS00128,High Support and Complex Care - Disability Support Skill Set (CHCSS00128),100
CHCSS00129,Individual Support - Ageing Skill Set (CHCSS00129),100
CHCSS00130,Individual Support - Disability Skill Set (CHCSS00130),100
CHCSS00131,Individual Support - Home and Community (Ageing) Skill Set (CHCSS00131),100
CHCSS00132,Individual Support - Home and Community (Disability) Skill Set (CHCSS00132),100
CHCSS00133,Induction to Disability Support Skill Set (CHCSS00133),100
CHCSS00137,Palliative Approach Skill Set (CHCSS00137),100
CHCSS00140,Case Management Skill Set (CHCSS00140),100
CHCSS00141,Child Protection Skill Set (CHCSS00141),100
CHCSS00144,Supporting Children and Families with Complex Needs (CHCSS00144),100
CHCSS00145,Working with Families (CHCSS00145),100
CHCSS00147,Entry to Diploma of Early Childhood Education and Care Skill set,100
CPC10108,Certificate I in Construction (CPC10108),85
CPC10111,Certificate I in Construction (CPC10111),85
CPC20108,Certificate II in Construction (CPC20108),80
CPC20111,Certificate II in Construction (CPC20111),76
CPC20112,Certificate II in Construction (CPC20112),80
CPC20120,Certificate II in Construction (CPC20120),80
CPC20208,Certificate II in Construction Pathways (CPC20208),80
CPC20211,Certificate II in Construction Pathways (CPC20211),80
CPC20220,Certificate II in Construction Pathways (CPC20220),80
CPC20311,Certificate II in Steelfixing (CPC20311),80
CPC20411,Certificate II in Concreting (CPC20411),76
CPC20511,Certificate II in Stoneworking (CPC20511),80
CPC20711,Certificate II in Drainage (CPC20711),76
CPC20712,Certificate II in Drainage (CPC20712),80
CPC20811,Certificate II in Metal Roofing and Cladding (CPC20811),76
CPC20812,Certificate II in Metal Roofing and Cladding (CPC20812),80
CPC20911,Certificate II in Urban Irrigation (CPC20911),80
CPC30108,Certificate III in Bricklaying/Blocklaying (CPC30108),100
CPC30111,Certificate III in Bricklaying/Blocklaying (CPC30111),100
CPC30116,Certificate III in Shopfitting (CPC30116),105
CPC30120,Certificate III in Shopfitting (CPC30120),105
CPC30208,Certificate III in Carpentry (CPC30208),100
CPC30211,Certificate III in Carpentry (CPC30211),100
CPC30216,Certificate III in Signs and Graphics (CPC30216),100
CPC30220,Certificate III in Carpentry (CPC30220),100
CPC30308,Certificate III in Concreting (CPC30308),100
CPC30311,Certificate III in Concreting (CPC30311),67
CPC30313,Certificate III in Concreting (CPC30313),100
CPC30318,Certificate III in Concreting (CPC30318),100
CPC30320,Certificate III in Concreting (CPC30320),100
CPC30411,Certificate III in Demolition (CPC30411),100
CPC30413,Certificate III in Demolition (CPC30413),100
CPC30420,Certificate III in Demolition (CPC30420),100
CPC30426,Certificate III in Demolition (CPC30426),100
CPC30511,Certificate III in Dogging (CPC30511),100
CPC30608,Certificate III in Painting and Decorating (CPC30608),100
CPC30611,Certificate III in Painting and Decorating (CPC30611),100
CPC30620,Certificate III in Painting and Decorating (CPC30620),100
CPC30711,Certificate III in Rigging (CPC30711),100
CPC30720,Certificate III in Rigging (CPC30720),100
CPC30808,Certificate III in Roof Tiling (CPC30808),100
CPC30811,Certificate III in Roof Tiling (CPC30811),95
CPC30812,Certificate III in Roof Tiling (CPC30812),100
CPC30820,Certificate III in Roof Tiling (CPC30820),100
CPC30911,Certificate III in Scaffolding (CPC30911),100
CPC30920,Certificate III in Scaffolding (CPC30920),100
CPC31008,Certificate III in Solid Plastering (CPC31008),100
CPC31011,Certificate III in Solid Plastering (CPC31011),100
CPC31020,Certificate III in Solid Plastering (CPC31020),100
CPC31111,Certificate III in Steelfixing (CPC31111),100
CPC31120,Certificate III in Steelfixing (CPC31120),100
CPC31208,Certificate III in Wall and Ceiling Lining (CPC31208),100
CPC31211,Certificate III in Wall and Ceiling Lining (CPC31211),100
CPC31220,Certificate III in Wall and Ceiling Lining (CPC31220),100
CPC31308,Certificate III in Wall and Floor Tiling (CPC31308),100
CPC31311,Certificate III in Wall and Floor Tiling (CPC31311),100
CPC31320,Certificate III in Wall and Floor Tiling (CPC31320),100
CPC31411,Certificate III in Construction Waterproofing (CPC31411),100
CPC31420,Certificate III in Construction Waterproofing (CPC31420),100
CPC31511,Certificate III in Formwork/Falsework (CPC31511),100
CPC31611,Certificate III in Paving (CPC31611),100
CPC31711,Certificate III in Low Rise Structural Framing (CPC31711),100
CPC31808,Certificate III in Shopfitting (CPC31808),105
CPC31811,Certificate III in Shopfitting (CPC31811),100
CPC31812,Certificate III in Shopfitting (CPC31812),100
CPC31908,Certificate III in Joinery (CPC31908),100
CPC31911,Certificate III in Joinery (CPC31911),95
CPC31912,Certificate III in Joinery (CPC31912),100
CPC31920,Certificate III in Joinery (CPC31920),100
CPC32011,Certificate III in Carpentry and Joinery (CPC32011),100
CPC32108,Certificate III in Signage (CPC32108),100
CPC32111,Certificate III in Signage (CPC32111),95
CPC32211,Certificate III in Joinery (Stairs) (CPC32211),100
CPC32308,Certificate III in Stonemasonry (Monumental/Installation) (CPC32308),100
CPC32311,Certificate III in Stonemasonry (Monumental/Installation) (CPC32311),86
CPC32313,Certificate III in Stonemasonry (Monumental/Installation) (CPC32313),150
CPC32320,Certificate III in Stonemasonry (CPC32320),150
CPC32408,Certificate III in Plumbing (CPC32408),100
CPC32411,Certificate III in Plumbing (CPC32411),95
CPC32412,Certificate III in Plumbing (CPC32412),95
CPC32413,Certificate III in Plumbing (CPC32413),105
CPC32420,Certificate III in Plumbing (CPC32420),100
CPC32513,Certificate III in Plumbing (Mechanical Services) (CPC32513),100
CPC32608,Certificate III in Roof Plumbing (CPC32608),110
CPC32611,Certificate III in Roof Plumbing (CPC32611),105
CPC32612,Certificate III in Roof Plumbing (CPC32612),110
CPC32620,Certificate III in Roof Plumbing (CPC32620),110
CPC32708,Certificate III in Gas Fitting (CPC32708),100
CPC32711,Certificate III in Gas Fitting (CPC32711),95
CPC32712,Certificate III in Gas Fitting (CPC32712),95
CPC32713,Certificate III in Gas Fitting (CPC32713),100
CPC32720,Certificate III in Gas Fitting (CPC32720),100
CPC32808,Certificate III in Fire Protection (CPC32808),100
CPC32811,Certificate III in Fire Protection (CPC32811),95
CPC32812,Certificate III in Fire Protection (CPC32812),95
CPC32813,Certificate III in Fire Protection (CPC32813),100
CPC32820,Certificate III in Fire Protection (CPC32820),100
CPC33020,Certificate III in Bricklaying and Blocklaying (CPC33020),100
CPC40108,Certificate IV in Building and Construction (Building) (CPC40108),100
CPC40110,Certificate IV in Building and Construction (Building) (CPC40110),100
CPC40120,Certificate IV in Building and Construction (CPC40120),100
CPC40208,Certificate IV in Building and Construction (Contract Administration) (CPC40208),100
CPC40308,Certificate IV in Building and Construction (Estimating) (CPC40308),100
CPC40320,Certificate IV in Building Project Support (CPC40320),100
CPC40408,Certificate IV in Building and Construction (Sales) (CPC40408),100
CPC40508,Certificate IV in Building and Construction (Site Management) (CPC40508),100
CPC40611,Certificate IV in Building and Construction (Specialist Trades) (CPC40611),100
CPC40708,Certificate IV in Building and Construction (Trade Contracting) (CPC40708),100
CPC40808,Certificate IV in Swimming Pool and Spa Building (CPC40808),100
CPC40908,Certificate IV in Plumbing and Services (CPC40908),100
CPC40911,Certificate IV in Plumbing and Services (CPC40911),86
CPC40912,Certificate IV in Plumbing and Services (CPC40912),100
CPC40920,Certificate IV in Plumbing and Services (CPC40920),100
CPC41013,Certificate IV in Demolition (CPC41013),100
CPC50108,Diploma of Building Surveying (CPC50108),95
CPC50210,Diploma of Building and Construction (Building) (CPC50210),100
CPC50220,Diploma of Building and Construction (Building) (CPC50220),100
CPC50308,Diploma of Building and Construction (Management) (CPC50308),100
CPC50320,Diploma of Building and Construction (Management) (CPC50320),100
CPC50408,Diploma of Plumbing and Services (CPC50408),95
CPC50412,Diploma of Plumbing and Services (CPC50412),100
CPC50509,Diploma of Fire Systems Design (CPC50509),100
CPC50611,Diploma of Hydraulic Services Design (CPC50611),95
CPC50612,Diploma of Hydraulic Services Design (CPC50612),100
CPC60108,Advanced Diploma of Building Surveying (CPC60108),95
CPC60208,Advanced Diploma of Building and Construction (Management) (CPC60208),95
CPC60212,Advanced Diploma of Building and Construction (Management) (CPC60212),100
CPC60220,Advanced Diploma of Building and Construction (Management) (CPC60220),100
CPP10107,Certificate I in Security Operations (CPP10107),100
CPP10211,Certificate I in Cleaning Operations (CPP10211),100
CPP20107,Certificate II in Spatial Information Services (CPP20107),100
CPP20111,Certificate II in Surveying and Spatial Information Services (CPP20111),95
CPP20112,Certificate II in Surveying and Spatial Information Services (CPP20112),95
CPP20116,Certificate II in Surveying and Spatial Information Services (CPP20116),100
CPP20211,Certificate II in Security Operations (CPP20211),100
CPP20212,Certificate II in Security Operations (CPP20212),100
CPP20218,Certificate II in Security Operations (CPP20218),100
CPP20307,Certificate II in Technical Security (CPP20307),100
CPP20411,Certificate II in Waste Management (CPP20411),100
CPP20511,Certificate II in Fire Protection Inspection and Testing (CPP20511),100
CPP20521,Certificate II in Fire Protection Inspection and Testing (CPP20521),100
CPP20611,Certificate II in Cleaning Operations (CPP20611),100
CPP20711,Certificate II in Carpet Cleaning Operations (CPP20711),95
CPP30109,Certificate III in Spatial Information Services (CPP30109),100
CPP30111,Certificate III in Surveying and Spatial Information Services (CPP30111),95
CPP30112,Certificate III in Surveying and Spatial Information Services (CPP30112),95
CPP30115,Certificate III in Urban Pest Management (CPP30115),100
CPP30119,Certificate III in Urban Pest Management (CPP30119),100
CPP30207,Certificate III in Property Services (Agency) (CPP30207),100
CPP30211,Certificate III in Property Services (Agency) (CPP30211),100
CPP30216,Certificate III in Surveying and Spatial Information Services (CPP30216),100
CPP30221,Certificate III in Surveying and Spatial Information Services (CPP30221),100
CPP30307,Certificate III in Property Services (Operations) (CPP30307),100
CPP30311,Certificate III in Property Services (Operations) (CPP30311),100
CPP30316,Certificate III in Cleaning Operations (CPP30316),100
CPP30321,Certificate III in Cleaning Operations (CPP30321),100
CPP30411,Certificate III in Security Operations (CPP30411),100
CPP30507,Certificate III in Technical Security (CPP30507),100
CPP30519,Certificate III in Technical Security (CPP30519),100
CPP30607,Certificate III in Investigative Services (CPP30607),100
CPP30619,Certificate III in Investigative Services (CPP30619),100
CPP30711,Certificate III in Waste Management (CPP30711),100
CPP30719,Certificate III in Waste Management (CPP30719),100
CPP30811,Certificate III in Fire Protection Inspection and Testing (CPP30811),100
CPP30821,Certificate III in Fire Protection Inspection and Testing (CPP30821),100
CPP30911,Certificate III in Pest Management (CPP30911),95
CPP31011,Certificate III in Cleaning Operations (CPP31011),95
CPP31111,Certificate III in Carpet Cleaning Operations (CPP31111),95
CPP31318,Certificate III in Security Operations (CPP31318),100
CPP31519,Certificate III in Real Estate Practice (CPP31519),100
CPP40109,Certificate IV in Surveying (CPP40109),95
CPP40112,Certificate IV in Surveying (CPP40112),95
CPP40115,Certificate IV in Building Design Drafting (CPP40115),100
CPP40121,Certificate IV in Residential Drafting (CPP40121),100
CPP40209,Certificate IV in Spatial Information Services (CPP40209),100
CPP40211,Certificate IV in Spatial Information Services (CPP40211),95
CPP40212,Certificate IV in Spatial Information Services (CPP40212),48
CPP40216,Certificate IV in Surveying (CPP40216),100
CPP40307,Certificate IV in Property Services (Real Estate) (CPP40307),100
CPP40316,Certificate IV in Spatial Information Services (CPP40316),100
CPP40407,Certificate IV in Property Services (Stock and Station Agency) (CPP40407),100
CPP40416,Certificate IV in Cleaning Management (CPP40416),100
CPP40421,Certificate IV in Cleaning (CPP40421),100
CPP40507,Certificate IV in Property Services (Business Broking) (CPP40507),100
CPP40611,Certificate IV in Property Services (Operations) (CPP40611),100
CPP40707,Certificate IV in Security and Risk Management (CPP40707),100
CPP40719,Certificate IV in Security Management (CPP40719),100
CPP40811,Certificate IV in Access Consulting (CPP40811),100
CPP40911,Certificate IV in Waste Management (CPP40911),100
CPP40919,Certificate IV in Waste Management (CPP40919),100
CPP41011,Certificate IV in Cleaning Management (CPP41011),95
CPP41110,Certificate IV in Home Sustainability Assessment (CPP41110),100
CPP41419,Certificate IV in Real Estate Practice (CPP41419),100
CPP41721,Certificate IV in Surveying and Spatial Information Services (CPP41721),100
CPP50107,Diploma of Surveying (CPP50107),95
CPP50112,Diploma of Surveying (CPP50112),95
CPP50116,Diploma of Surveying (CPP50116),100
CPP50121,Diploma of Surveying (CPP50121),100
CPP50207,Diploma of Spatial Information Services (CPP50207),100
CPP50211,Diploma of Spatial Information Services (CPP50211),95
CPP50212,Diploma of Spatial Information Services (CPP50212),48
CPP50216,Diploma of Spatial Information Services (CPP50216),100
CPP50221,Diploma of Spatial Information Services (CPP50221),100
CPP50307,Diploma of Property Services (Agency Management) (CPP50307),100
CPP50409,Diploma of Property Services (Business Broking) (CPP50409),100
CPP50511,Diploma of Property Services (Asset and Facility Management) (CPP50511),100
CPP50611,Diploma of Security and Risk Management (CPP50611),100
CPP50619,Diploma of Security Risk Management (CPP50619),100
CPP50711,Diploma of Access Consulting (CPP50711),100
CPP50911,Diploma of Building Design (CPP50911),100
CPP50921,Diploma of Building Design (CPP50921),100
CPP60109,Advanced Diploma of Spatial Information Services (CPP60109),95
CPP60112,Advanced Diploma of Spatial Information Services (CPP60112),48
CPP60121,Advanced Diploma of Surveying (CPP60121),100
CPP60211,Advanced Diploma of Property Services (Asset and Facility Management),100
CSC20107,Certificate II in Justice Services (CSC20107),100
CSC30107,Certificate III in Correctional Practice (CSC30107),100
CSC30112,Certificate III in Correctional Practice (CSC30112),95
CSC30115,Certificate III in Correctional Practice (CSC30115),100
CSC30207,Certificate III in Correctional Practice (Custodial) (CSC30207),100
CSC30307,Certificate III in Correctional Practice (Community) (CSC30307),100
CSC40107,Certificate IV in Correctional Practice (CSC40107),100
CSC40112,Certificate IV in Correctional Practice (CSC40112),95
CSC40115,Certificate IV in Correctional Practice (CSC40115),100
CSC50107,Diploma of Correctional Administration (CSC50107),100
CUA20213,Certificate II in Live Production and Services (CUA20213),86
CUA20215,Certificate II in Creative Industries (CUA20215),90
CUA20220,Certificate II in Creative Industries (CUA20220),90
CUA20225,Certificate II in Creative Industries (CUA20225),90
CUA20315,Certificate II in Aboriginal and Torres Strait Islander Visual Arts Industry Work,100
CUA20320,Certificate II in Aboriginal and/or Torres Strait Islander Cultural Arts Industry,100
CUA20415,Certificate II in Aboriginal and Torres Strait Islander Cultural Arts (CUA20415),100
CUA20420,Certificate II in Aboriginal and/or Torres Strait Islander Cultural Arts (CUA20420),100
CUA20515,Certificate II in Information and Cultural Services (CUA20515),100
CUA20520,Certificate II in Information and Cultural Services (CUA20520),100
CUA20525,Certificate II in Information and Cultural Services (CUA20525),100
CUA20615,Certificate II in Music Industry (CUA20615),100
CUA20715,Certificate II in Visual Arts (CUA20715),90
CUA30413,Certificate III in Live Production and Services (CUA30413),95
CUA30415,Certificate III in Live Production and Services (CUA30415),100
CUA30420,Certificate III in Live Production and Technical Services (CUA30420),100
CUA30425,Certificate III in Live Production and Technical Services (CUA30425),100
CUA30715,Certificate III in Design Fundamentals (CUA30715),100
CUA30720,Certificate III in Design Fundamentals (CUA30720),100
CUA30915,Certificate III in Music Industry (CUA30915),100
CUA30920,Certificate III in Music (CUA30920),100
CUA31015,Certificate III in Screen and Media (CUA31015),100
CUA31020,Certificate III in Screen and Media (CUA31020),100
CUA31115,Certificate III in Visual Arts (CUA31115),100
CUA31120,Certificate III in Visual Arts (CUA31120),100
CUA31125,Certificate III in Visual Arts (CUA31125),100
CUA40113,Certificate IV in Dance (CUA40113),100
CUA40120,Certificate IV in Dance (CUA40120),100
CUA40413,Certificate IV in Live Production and Technical Services (CUA40413),95
CUA40415,Certificate IV in Live Production and Technical Services (CUA40415),100
CUA40420,Certificate IV in Live Production and Technical Services (CUA40420),100
CUA40425,Certificate IV in Live Production and Technical Services (CUA40425),100
CUA40715,Certificate IV in Design (CUA40715),100
CUA40720,Certificate IV in Design (CUA40720),100
CUA40725,Certificate IV in Design (CUA40725),100
CUA40915,Certificate IV in Music Industry (CUA40915),100
CUA40920,Certificate IV in Music (CUA40920),100
CUA41115,Certificate IV in Photography and Photo Imaging (CUA41115),100
CUA41215,Certificate IV in Screen and Media (CUA41215),100
CUA41220,Certificate IV in Screen and Media (CUA41220),100
CUA41225,Certificate IV in Screen and Media (CUA41225),100
CUA41315,Certificate IV in Visual Arts (CUA41315),100
CUA41320,Certificate IV in Visual Arts (CUA41320),100
CUA50113,Diploma of Dance (Elite Performance) (CUA50113),100
CUA50413,Diploma of Live Production and Technical Services (CUA50413),95
CUA50415,Diploma of Live Production and Technical Services (CUA50415),100
CUA50420,Diploma of Live Production and Technical Services (CUA50420),100
CUA50425,Diploma of Live Production and Technical Services (CUA50425),100
CUA50715,Diploma of Graphic Design (CUA50715),100
CUA50720,Diploma of Graphic Design (CUA50720),100
CUA50725,Diploma of Graphic Design (CUA50725),100
CUA50815,Diploma of Music Industry (CUA50815),100
CUA50820,Diploma of Music (CUA50820),100
CUA50825,Diploma of Music (CUA50825),100
CUA50915,Diploma of Photography and Photo Imaging (CUA50915),100
CUA51015,Diploma of Screen and Media (CUA51015),100
CUA51020,Diploma of Screen and Media (CUA51020),100
CUA51115,Diploma of Visual Arts (CUA51115),100
CUA51120,Diploma of Visual Arts (CUA51120),100
CUA51125,Diploma of Visual Arts (CUA51125),100
CUA51520,Diploma of Professional Dance (Elite Performance) (CUA51520),100
CUA60113,Advanced Diploma of Dance (Elite Performance) (CUA60113),100
CUA60120,Advanced Diploma of Professional Dance (Elite Performance) (CUA60120),100
CUA60213,Advanced Diploma of Live Production and Management Services (CUA60213),100
CUA60315,Advanced Diploma of Graphic Design (CUA60315),100
CUA60320,Advanced Diploma of Graphic Design (CUA60320),100
CUA60325,Advanced Diploma of Graphic Design (CUA60325),100
CUA60415,Advanced Diploma of Creative Product Development (CUA60415),100
CUA60515,Advanced Diploma of Music Industry (CUA60515),100
CUA60615,Advanced Diploma of Screen and Media (CUA60615),100
CUA60620,Advanced Diploma of Screen and Media (CUA60620),100
CUA60715,Advanced Diploma of Visual Arts (CUA60715),100
CUA60720,Advanced Diploma of Visual Arts (CUA60720),100
CUA60725,Advanced Diploma of Visual Arts (CUA60725),100
CUASS00017,Acting Performance Skill Set (CUASS00017),100
CUASS00018,Assistant Costume Maker Skill Set (CUASS00018),100
CUASS00031,Script Writing Skill Set (CUASS00031),100
CUASS00038,Community Broadcasting Administration Skill Set (CUASS00038),100
CUASS00041,Community Broadcasting Financial Management Skill Set (CUASS00041),100
CUASS00044,Community Broadcasting Program Management Skill Set (CUASS00044),100
CUASS00047,Music Tutor Skill Set (CUASS00047),100
CUASS00049,Preparatory Skill Set for Professional Graphic Design Practice (CUASS00049),100
CUE20103,"Certificate II in Live Production, Theatre and Events (CUE20103)",86
CUE30203,"Certificate III in Live Production, Theatre and Events (Technical Operations)",67
CUE30303,Certificate III in Venues and Events (Customer Service) (CUE30303),48
CUE40203,Certificate IV in Costume for Performance (CUE40203),100
CUE40303,"Certificate IV in Live Production, Theatre and Events (Technical Operations)",67
CUE40403,Certificate IV in Venues and Events (Customer Service) (CUE40403),95
CUE50303,"Diploma of Live Production, Theatre and Events (Technical Production)",67
CUE50403,Diploma of Venues and Events (CUE50403),95
CUE60103,"Advanced Diploma of Design for Live Production, Theatre and Events",67
CUE60203,"Advanced Diploma of Live Production, Theatre and Events (Technical",100
CUE60303,Advanced Diploma of Stage Management (CUE60303),67
CUE60403,Advanced Diploma of Venues and Events (CUE60403),100
CUF10107,Certificate I in Creative Industries (CUF10107),86
CUF20107,Certificate II in Creative Industries (Media) (CUF20107),86
CUF30107,Certificate III in Media (CUF30107),95
CUF30207,Certificate III in Broadcast Technology (CUF30207),100
CUF30307,Certificate III in Scenery and Set Construction (CUF30307),95
CUF40107,Certificate IV in Screen and Media (CUF40107),95
CUF40207,Certificate IV in Interactive Digital Media (CUF40207),95
CUF40307,Certificate IV in Broadcast Technology (CUF40307),100
CUF40407,Certificate IV in Make-up (CUF40407),95
CUF40507,Certificate IV in Costume for Performance (CUF40507),95
CUF40607,Certificate IV in Scenery and Set Construction (CUF40607),95
CUF50107,Diploma of Screen and Media (CUF50107),95
CUF50207,Diploma of Interactive Digital Media (CUF50207),95
CUF50307,Diploma of Broadcast Technology (CUF50307),100
CUF50407,Diploma of Specialist Make-up Services (CUF50407),95
CUF50507,Diploma of Costume for Performance (CUF50507),95
CUF50607,Diploma of Scenery and Set Construction (CUF50607),95
CUF60107,Advanced Diploma of Screen and Media (CUF60107),95
CUL20104,Certificate II in Library-Information Services (CUL20104),100
CUL20111,Certificate II in in Information and Cultural Services (CUL20111),95
CUL20204,Certificate II in Museum Practice (CUL20204),100
CUL30104,Certificate III in Library-Information Services (CUL30104),100
CUL30111,Certificate III in Information and Cultural Services (CUL30111),95
CUL30204,Certificate III in Museum Practice (CUL30204),100
CUL40104,Certificate IV in Library-Information Services (CUL40104),100
CUL40111,"Certificate IV in Library, Information and Cultural Services (CUL40111)",95
CUL50104,Diploma of Library-Information Services (CUL50104),100
CUL50111,Diploma of Library and Information Services (CUL50111),95
CUS20109,Certificate II in Music (CUS20109),95
CUS30109,Certificate III in Music (CUS30109),95
CUS30209,Certificate III in Technical Production (CUS30209),95
CUS30309,Certificate III in Music Business (CUS30309),95
CUS40109,Certificate IV in Music (CUS40109),95
CUS40209,Certificate IV in Sound Production (CUS40209),95
CUS50109,Diploma of Music (CUS50109),95
CUS50209,Diploma of Sound Production (CUS50209),95
CUS50309,Diploma of Music Business (CUS50309),100
CUS60109,Advanced Diploma of Music (CUS60109),95
CUS60209,Advanced Diploma of Sound Production (CUS60209),95
CUS60309,Advanced Diploma of Music Business (CUS60309),100
CUV10111,Certificate I in Visual Arts (CUV10111),90
CUV10211,Certificate I in Aboriginal or Torres Strait Islander Cultural Arts (CUV10211),95
CUV20103,Certificate II in Visual Arts and Contemporary Craft (CUV20103),90
CUV20111,Certificate II in Visual Arts (CUV20111),86
CUV20211,Certificate II in Aboriginal or Torres Strait Islander Cultural Arts (CUV20211),95
CUV20311,Certificate II in Opal Cutting and Polishing (CUV20311),80
CUV30103,Certificate III in Visual Arts and Contemporary Craft (CUV30103),100
CUV30111,Certificate III in Visual Arts (CUV30111),95
CUV30211,Certificate III in Aboriginal or Torres Strait Islander Cultural Arts (CUV30211),95
CUV30411,Certificate III in Arts Administration (CUV30411),95
CUV40103,Certificate IV in Visual Arts and Contemporary Craft (CUV40103),100
CUV40111,Certificate IV in Visual Arts (CUV40111),95
CUV40211,Certificate IV in Aboriginal or Torres Strait Islander Cultural Arts (CUV40211),95
CUV40311,Certificate IV in Design (CUV40311),95
CUV40403,Certificate IV in Photoimaging (CUV40403),100
CUV40411,Certificate IV in Photo Imaging (CUV40411),95
CUV40611,Certificate IV in Opal Cutting and Polishing (CUV40611),100
CUV50311,Diploma of Graphic Design (CUV50311),95
CUV50411,Diploma of Photo Imaging (CUV50411),95
CUV60311,Advanced Diploma of Creative Product Development (CUV60311),95
CUV60411,Advanced Diploma of Graphic Design (CUV60411),95
ESTC1,Bridging and Enabling Courses of Employment Specific Training Cluster 1,95
ESTC10,Bridging and Enabling Courses of Employment Specific Training Cluster 10,95
ESTC12,Bridging and Enabling Courses of Employment Specific Training Cluster 12,100
ESTC17,Bridging and Enabling Courses of Employment Specific Training Cluster 17,100
ESTC2,Bridging and Enabling Courses of Employment Specific Training Cluster 2,95
ESTC3,Bridging and Enabling Courses of Employment Specific Training Cluster 3,95
ESTC4,Bridging and Enabling Courses of Employment Specific Training Cluster 4,95
ESTC5,Bridging and Enabling Courses of Employment Specific Training Cluster 5,95
ESTC6,Bridging and Enabling Courses of Employment Specific Training Cluster 6,95
ESTC7,Bridging and Enabling Courses of Employment Specific Training Cluster 7,95
ESTC8,Bridging and Enabling Courses of Employment Specific Training Cluster 8,95
ESTC9,Bridging and Enabling Courses of Employment Specific Training Cluster 9,95
FBP20117,Certificate II in Food Processing (FBP20117),100
FBP20121,Certificate II in Food Processing (FBP20121),100
FBP20122,Certificate II in Food Processing (FBP20122),100
FBP20217,Certificate II in Baking (FBP20217),100
FBP20317,Certificate II in Food Processing (Sales) (FBP20317),90
FBP20418,Certificate II in Pharmaceutical Manufacturing (FBP20418),100
FBP20518,Certificate II in Wine Industry Operations (FBP20518),100
FBP20521,Certificate II in Wine Industry Operations (FBP20521),100
FBP30117,Certificate III in Food Processing (FBP30117),100
FBP30121,Certificate III in Food Processing (FBP30121),100
FBP30217,Certificate III in Plant Baking (FBP30217),100
FBP30317,Certificate III in Cake and Pastry (FBP30317),100
FBP30321,Certificate III in Cake and Pastry (FBP30321),100
FBP30417,Certificate III in Bread Baking (FBP30417),100
FBP30421,Certificate III in Bread Baking (FBP30421),100
FBP30517,Certificate III in Baking (FBP30517),100
FBP30521,Certificate III in Baking (FBP30521),100
FBP30818,Certificate III in Pharmaceutical Manufacturing (FBP30818),100
FBP30821,Certificate III in Pharmaceutical Manufacturing (FBP30821),100
FBP30918,Certificate III in Wine Industry Operations (FBP30918),100
FBP30920,Certificate III in Wine Industry Operations (FBP30920),100
FBP30921,Certificate III in Wine Industry Operations (FBP30921),100
FBP31121,Certificate III in High Volume Baking (FBP31121),100
FBP40217,Certificate IV in Baking (FBP40217),100
FBP40318,Certificate IV in Food Processing (FBP40318),100
FBP40321,Certificate IV in Food Processing (FBP40321),100
FBPSS00001,Advanced baking skill set (FBPSS00001),100
FBPSS00002,Bread baking for pastry cooks skill set (FBPSS00002),100
FBPSS00003,Cake and pastry baking for bread bakers skill set (FBPSS00003),100
FBPSS00004,Food Safety Auditor Skill Set (FBPSS00004),100
FBPSS00027,Seasonal Vineyard Hand Skill Set (FBPSS00027),100
FBPSS00038,Spirit Handling Skill Set (FBPSS00038),100
FDF10110,Certificate I in Food Processing (FDF10110),90
FDF10111,Certificate I in Food Processing (FDF10111),90
FDF10210,Certificate I in Pharmaceutical Manufacturing (FDF10210),90
FDF20110,Certificate II in Food Processing (FDF20110),90
FDF20111,Certificate II in Food Processing (FDF20111),100
FDF20210,Certificate II in Pharmaceutical Manufacturing (FDF20210),100
FDF20211,Certificate II in Pharmaceutical Manufacturing (FDF20211),100
FDF20403,Certificate II in Food Processing (Wine) (FDF20403),100
FDF20411,Certificate II in Wine Industry Operations (FDF20411),100
FDF20510,Certificate II in Retail Baking Assistance (FDF20510),100
FDF20910,Certificate II in Food Processing (Sales) (FDF20910),90
FDF20911,Certificate II in Food Processing (Sales) (FDF20911),90
FDF30110,Certificate III in Food Processing (FDF30110),100
FDF30111,Certificate III in Food Processing (FDF30111),100
FDF30210,Certificate III in Pharmaceutical Manufacturing (FDF30210),100
FDF30310,Certificate III in Plant Baking (FDF30310),100
FDF30403,Certificate III in Food Processing (Wine) (FDF30403),100
FDF30411,Certificate III in Wine Industry Operations (FDF30411),100
FDF30510,Certificate III in Retail Baking (Cake and Pastry) (FDF30510),100
FDF30610,Certificate III in Retail Baking (Bread) (FDF30610),100
FDF30710,Certificate III in Retail Baking (Combined) (FDF30710),100
FDF30910,Certificate III in Food Processing (Sales) (FDF30910),100
FDF40110,Certificate IV in Food Processing (FDF40110),100
FDF40210,Certificate IV in Pharmaceutical Manufacturing (FDF40210),100
FDF40311,Certificate IV in Food Science and Technology (FDF40311),100
FDF40811,Certificate IV in Advanced Baking (FDF40811),100
FDF50110,Diploma of Food Processing (FDF50110),100
FDF50210,Diploma of Pharmaceutical Manufacturing (FDF50210),100
FDF50311,Diploma of Food Science and Technology (FDF50311),100
FDFSS00011,Irrigation (FDFSS00011),100
FDFSS00021,Vintage Laboratory Operations (FDFSS00021),100
FNS10110,Certificate I in Financial Services (FNS10110),100
FNS20104,Certificate II in Financial Services (FNS20104),100
FNS20110,Certificate II in Financial Services (FNS20110),100
FNS20111,Certificate II in Financial Services (FNS20111),95
FNS20115,Certificate II in Financial Services (FNS20115),100
FNS20120,Certificate II in Financial Services (FNS20120),100
FNS30107,Certificate III in Financial Services (FNS30107),100
FNS30110,Certificate III in Financial Services (FNS30110),100
FNS30111,Certificate III in Financial Services (FNS30111),95
FNS30115,Certificate III in Financial Services (FNS30115),100
FNS30120,Certificate III in Financial Services (FNS30120),100
FNS30122,Certificate III in Financial Services (FNS30122),100
FNS30210,Certificate III in Personal Injury Management (ClaimsManagement) (FNS30210),19
FNS30304,Certificate III in Financial Services (Accounts Clerical) (FNS30304),100
FNS30310,Certificate III in Accounts Administration (FNS30310),100
FNS30311,Certificate III in Accounts Administration (FNS30311),95
FNS30315,Certificate III in Accounts Administration (FNS30315),100
FNS30317,Certificate III in Accounts Administration (FNS30317),100
FNS30322,Certificate III in Accounts Administration (FNS30322),100
FNS30410,Certificate III in Mercantile Agents (FNS30410),95
FNS30415,Certificate III in Mercantile Agents (FNS30415),100
FNS30420,Certificate III in Mercantile Agents (FNS30420),100
FNS30510,Certificate III in General Insurance (FNS30510),100
FNS30515,Certificate III in General Insurance (FNS30515),100
FNS30610,Certificate III in Insurance Broking (FNS30610),95
FNS30615,Certificate III in Insurance Broking (FNS30615),100
FNS30710,Certificate III in Life insurance (FNS30710),100
FNS40107,Certificate IV in Financial Services (FNS40107),100
FNS40110,Certificate IV in Credit Management (FNS40110),100
FNS40111,Certificate IV in Credit Management (FNS40111),19
FNS40115,Certificate IV in Credit Management (FNS40115),100
FNS40120,Certificate IV in Credit Management (FNS40120),100
FNS40122,Certificate IV in Credit Management (FNS40122),100
FNS40207,Certificate IV in Financial Services (Bookkeeping) (FNS40207),100
FNS40210,Certificate IV in Bookkeeping (FNS40210),50
FNS40211,Certificate IV in Bookkeeping (FNS40211),48
FNS40215,Certificate IV in Bookkeeping (FNS40215),100
FNS40217,Certificate IV in Accounting and Bookkeeping (FNS40217),100
FNS40222,Certificate IV in Accounting and Bookkeeping (FNS40222),100
FNS40310,Certificate IV in Personal Injury Management (Claims Management) (FNS40310),48
FNS40410,Certificate IV in Personal Injury Management (ReturntoWork) (FNS40410),67
FNS40510,Certificate IV in Personal Injury Management (Underwriting) (FNS40510),100
FNS40604,Certificate IV in Financial Services (Accounting) (FNS40604),100
FNS40610,Certificate IV in Accounting (FNS40610),100
FNS40611,Certificate IV in Accounting (FNS40611),95
FNS40615,Certificate IV in Accounting (FNS40615),100
FNS40710,Certificate IV in Financial Practice Support (FNS40710),100
FNS40715,Certificate IV in Financial Practice Support (FNS40715),100
FNS40810,Certificate IV in Finance and Mortgage Broking (FNS40810),100
FNS40811,Certificate IV in Finance and Mortgage Broking (FNS40811),100
FNS40815,Certificate IV in Finance and Mortgage Broking (FNS40815),100
FNS40820,Certificate IV in Finance and Mortgage Broking (FNS40820),100
FNS40821,Certificate IV in Finance and Mortgage Broking (FNS40821),100
FNS40910,Certificate IV in Superannuation (FNS40910),100
FNS40911,Certificate IV in Superannuation (FNS40911),48
FNS40915,Certificate IV in Superannuation (FNS40915),100
FNS40920,Certificate IV in Superannuation (FNS40920),100
FNS41010,Certificate IV in Banking Services (FNS41010),100
FNS41011,Certificate IV in Banking Services (FNS41011),95
FNS41110,Certificate IV in Financial Markets Operations (FNS41110),100
FNS41115,Certificate IV in Financial Markets Operations (FNS41115),100
FNS41210,Certificate IV in Mobile Banking (FNS41210),100
FNS41310,Certificate IV in Personal Trust Administration (FNS41310),100
FNS41410,Certificate IV in General Insurance (FNS41410),100
FNS41415,Certificate IV in General Insurance (FNS41415),100
FNS41420,Certificate IV in General Insurance (FNS41420),100
FNS41422,Certificate IV in General Insurance (FNS41422),100
FNS41510,Certificate IV in Life Insurance (FNS41510),100
FNS41512,Certificate IV in Life Insurance (FNS41512),95
FNS41515,Certificate IV in Life Insurance (FNS41515),100
FNS41521,Certificate IV in Life Insurance (FNS41521),100
FNS41610,Certificate IV in Loss Adjusting (FNS41610),100
FNS41611,Certificate IV in Loss Adjusting (FNS41611),95
FNS41710,Certificate IV in Insurance Broking (FNS41710),48
FNS41715,Certificate IV in Insurance Broking (FNS41715),100
FNS41720,Certificate IV in Insurance Broking (FNS41720),100
FNS41811,Certificate IV in Financial Services (FNS41811),95
FNS41815,Certificate IV in Financial Services (FNS41815),100
FNS42015,Certificate IV in Banking Services (FNS42015),100
FNS42020,Certificate IV in Banking Services (FNS42020),100
FNS42022,Certificate IV in Banking Services (FNS42022),100
FNS42115,Certificate IV in Personal Injury Management (FNS42115),100
FNS42215,Certificate IV in Personal Trust Administration (FNS42215),100
FNS42222,Certificate IV in Personal Trust Administration (FNS42222),100
FNS50107,Diploma of Financial Services (FNS50107),100
FNS50110,Diploma of Personal Injury Management (FNS50110),95
FNS50115,Diploma of Personal Injury Management (FNS50115),95
FNS50204,Diploma of Accounting (FNS50204),100
FNS50210,Diploma of Accounting (FNS50210),95
FNS50215,Diploma of Accounting (FNS50215),100
FNS50217,Diploma of Accounting (FNS50217),100
FNS50222,Diploma of Accounting (FNS50222),100
FNS50310,Diploma of Finance and Mortgage Broking Management (FNS50310),100
FNS50311,Diploma of Finance and Mortgage Broking Management (FNS50311),95
FNS50315,Diploma of Finance and Mortgage Broking Management (FNS50315),100
FNS50320,Diploma of Finance and Mortgage Broking Management (FNS50320),100
FNS50322,Diploma of Finance and Mortgage Broking Management (FNS50322),100
FNS50410,Diploma of Conveyancing (FNS50410),100
FNS50510,Diploma of Personal Trustees (FNS50510),100
FNS50610,Diploma of Financial Planning (FNS50610),100
FNS50615,Diploma of Financial Planning (FNS50615),100
FNS50710,Diploma of Superannuation (FNS50710),100
FNS50711,Diploma of Superannuation (FNS50711),48
FNS50715,Diploma of Superannuation (FNS50715),100
FNS50720,Diploma of Superannuation (FNS50720),100
FNS50722,Diploma of Superannuation (FNS50722),100
FNS50810,Diploma of Financial Risk Management (FNS50810),100
FNS50910,Diploma of Banking Services Management (FNS50910),48
FNS50915,Diploma of Banking Services Management (FNS50915),100
FNS50920,Diploma of Banking Services Management (FNS50920),100
FNS50922,Diploma of Banking Services Management (FNS50922),100
FNS51010,Diploma of Financial Markets (FNS51010),100
FNS51015,Diploma of Financial Markets (FNS51015),100
FNS51020,Diploma of Financial Markets (FNS51020),100
FNS51022,Diploma of Financial Markets (FNS51022),100
FNS51110,Diploma of General Insurance (FNS51110),48
FNS51115,Diploma of General Insurance (FNS51115),100
FNS51120,Diploma of General Insurance (FNS51120),100
FNS51204,Diploma of Financial Services (Banking) (FNS51204),100
FNS51210,Diploma of Insurance Broking (FNS51210),95
FNS51215,Diploma of Insurance Broking (FNS51215),100
FNS51220,Diploma of Insurance Broking (FNS51220),100
FNS51310,Diploma of Life Insurance (FNS51310),100
FNS51312,Diploma of Life Insurance (FNS51312),95
FNS51410,Diploma of Loss Adjusting (FNS51410),48
FNS51510,Diploma of Credit Management (FNS51510),100
FNS51511,Diploma of Credit Management (FNS51511),48
FNS51515,Diploma of Credit Management (FNS51515),100
FNS51520,Diploma of Credit Management (FNS51520),100
FNS51522,Diploma of Credit Management (FNS51522),100
FNS51610,Diploma of Securitisation (FNS51610),100
FNS51811,Diploma of Financial Services (FNS51811),48
FNS51915,Diploma of Personal Injury and Disability Insurance Management (FNS51915),100
FNS52015,Diploma of Personal Trusts (FNS52015),100
FNS52022,Diploma of Personal Trusts (FNS52022),100
FNS60110,Advanced Diploma of Insurance Broking (FNS60110),48
FNS60115,Advanced Diploma of Insurance Broking (FNS60115),100
FNS60204,Advanced Diploma of Accounting (FNS60204),100
FNS60210,Advanced Diploma of Accounting (FNS60210),19
FNS60215,Advanced Diploma of Accounting (FNS60215),100
FNS60217,Advanced Diploma of Accounting (FNS60217),100
FNS60222,Advanced Diploma of Accounting (FNS60222),100
FNS60304,Advanced Diploma of Financial Services (Conveyancing) (FNS60304),100
FNS60310,Advanced Diploma of Conveyancing (FNS60310),100
FNS60311,Advanced Diploma of Conveyancing (FNS60311),48
FNS60410,Advanced Diploma of Financial Planning (FNS60410),100
FNS60415,Advanced Diploma of Financial Planning (FNS60415),100
FNS60510,Advanced Diploma of Superannuation (FNS60510),48
FNS60513,Advanced Diploma of Superannuation (FNS60513),48
FNS60610,Advanced Diploma of Banking Services Management (FNS60610),48
FNS60615,Advanced Diploma of Banking Services Management (FNS60615),100
FNS60620,Advanced Diploma of Banking Services Management (FNS60620),100
FNS60622,Advanced Diploma of Banking Services Management (FNS60622),100
FNS60710,Advanced Diploma of Financial Licensing Management (FNS60710),100
FNS60810,Advanced Diploma of Financial Risk Management (FNS60810),100
FPI10105,Certificate I in Forest and Forest Products (FPI10105),100
FPI20105,Certificate II in Forest Growing and Management (FPI20105),100
FPI20205,Certificate II in Harvesting and Haulage (FPI20205),100
FPI20211,Certificate II in Harvesting and Haulage (FPI20211),95
FPI20305,Certificate II in Sawmilling and Processing (FPI20305),100
FPI20405,Certificate II in Wood Panel Products (FPI20405),100
FPI20505,Certificate II in Timber Manufactured Products (FPI20505),100
FPI20511,Certificate II in Timber Manufactured Products (FPI20511),95
FPI20605,Certificate II in Timber Merchandising (FPI20605),100
FPI20710,Certificate II in Timber Truss and Frame Design and Manufacture (FPI20710),100
FPI30105,Certificate III in Forest Growing and Management (FPI30105),100
FPI30111,Certificate III in Forest Growing and Management (FPI30111),67
FPI30205,Certificate III in Harvesting and Haulage (FPI30205),115
FPI30211,Certificate III in Harvesting and Haulage (FPI30211),109
FPI30305,Certificate III in Sawmilling and Processing (FPI30305),125
FPI30311,Certificate III in Sawmilling and Processing (FPI30311),119
FPI30405,Certificate III in Wood Panel Products (FPI30405),100
FPI30411,Certificate III in Wood Panel Products (FPI30411),95
FPI30505,Certificate III in Timber Manufactured Products (FPI30505),100
FPI30511,Certificate III in Timber Manufactured Products (FPI30511),95
FPI30605,Certificate III in Timber Merchandising (FPI30605),100
FPI30611,Certificate III in Timber Merchandising (FPI30611),95
FPI30705,Certificate III in Sawdoctoring (FPI30705),100
FPI30711,Certificate III in Sawdoctoring (FPI30711),95
FPI30805,Certificate III in Woodmachining (FPI30805),100
FPI30811,Certificate III in Woodmachining (FPI30811),95
FPI30910,Certificate III in Timber Truss and Frame Design and Manufacture (FPI30910),100
FPI30911,Certificate III in Timber Truss and Frame Design and Manufacture (FPI30911),95
FPI40105,Certificate IV in Forest Operations (FPI40105),100
FPI40111,Certificate IV in Forest Operations (FPI40111),95
FPI40205,Certificate IV in Timber Processing (FPI40205),100
FPI40211,Certificate IV in Timber Processing (FPI40211),95
FPI40310,Certificate IV in Timber Truss and Frame Manufacture (FPI40310),100
FPI40311,Certificate IV in Timber Truss and Frame Manufacture (FPI40311),95
FPI40410,Certificate IV in Timber Truss and Frame Design (FPI40410),100
FPI40411,Certificate IV in Timber Truss and Frame Design (FPI40411),95
FPI50105,Diploma of Forest and Forest Products (FPI50105),100
FPI50310,Diploma of Timber Truss and Frame Manufacture (FPI50310),100
FPI50311,Diploma of Timber Truss and Frame Manufacture (FPI50311),95
FPI50410,Diploma of Timber Truss and Frame Design (FPI50410),100
FPI50411,Diploma of Timber Truss and Frame Design (FPI50411),95
FPI60111,Advanced Diploma of Forest Industry Sustainability (FPI60111),86
FPP20110,Certificate II in Pulping Operations (FPP20110),95
FPP20210,Certificate II in Papermaking Operations (FPP20210),95
FPP30110,Certificate III in Pulping Operations (FPP30110),95
FPP30210,Certificate III in Papermaking Operations (FPP30210),95
FSK10113,Certificate I in Access to Vocational Pathways (FSK10113),100
FSK10119,Certificate I in Access to Vocational Pathways (FSK10119),100
FSK10213,Certificate I in Skills for Vocational Pathways (FSK10213),100
FSK10219,Certificate I in Skills for Vocational Pathways (FSK10219),100
FSK20113,Certificate II in Skills for Work and Vocational Pathways (FSK20113),100
FSK20119,Certificate II in Skills for Work and Vocational Pathways (FSK20119),100
FWP20116,Certificate II in Forest Growing and Management (FWP20116),100
FWP20121,Certificate II in Forest Operations (FWP20121),100
FWP20122,Certificate II in Forest Operations (FWP20122),100
FWP20216,Certificate II in Harvesting and Haulage (FWP20216),100
FWP20316,Certificate II in Sawmilling and Processing (FWP20316),100
FWP20322,Certificate II in Timber and Wood Products Operations (FWP20322),100
FWP20416,Certificate II in Wood Panel Products (FWP20416),100
FWP20516,Certificate II in Timber Manufactured Products (FWP20516),100
FWP20616,Certificate II in Timber Merchandising (FWP20616),100
FWP20716,Certificate II in Timber Truss and Frame Design and Manufacture (FWP20716),100
FWP30116,Certificate III in Forest Growing and Management (FWP30116),100
FWP30121,Certificate III in Forest Operations (FWP30121),100
FWP30122,Certificate III in Forest Operations (FWP30122),100
FWP30216,Certificate III in Harvesting and Haulage (FWP30216),115
FWP30316,Certificate III in Sawmilling and Processing (FWP30316),125
FWP30322,Certificate III in Timber and Wood Products Operations (FWP30322),100
FWP30416,Certificate III in Wood Panel Products (FWP30416),100
FWP30516,Certificate III in Timber Manufactured Products (FWP30516),100
FWP30616,Certificate III in Timber Merchandising (FWP30616),100
FWP30620,Certificate III in Timber Building Products Supply (FWP30620),100
FWP30621,Certificate III in Timber Building Products Supply (FWP30621),100
FWP30622,Certificate III in Timber Building Products Supply (FWP30622),100
FWP30716,Certificate III in Sawdoctoring (FWP30716),100
FWP30816,Certificate III in Woodmachining (FWP30816),100
FWP30916,Certificate III in Timber Truss and Frame Design and Manufacture (FWP30916),100
FWP30920,Certificate III in Timber Frame or Truss Manufacture (FWP30920),100
FWP31019,Certificate III in Saw Technology (FWP31019),100
FWP31021,Certificate III in Saw Technology (FWP31021),100
FWP31119,Certificate III in Wood Machining (FWP31119),100
FWP31121,Certificate III in Wood Machining (FWP31121),100
FWP31220,Certificate III in Timber Systems Design (FWP31220),100
FWP40116,Certificate IV in Forest Operations (FWP40116),100
FWP40121,Certificate IV in Forest Operations (FWP40121),100
FWP40216,Certificate IV in Timber Processing (FWP40216),100
FWP40222,Certificate IV in Timber and Wood Products Operations (FWP40222),100
FWP40316,Certificate IV in Timber Truss and Frame Manufacture (FWP40316),100
FWP40416,Certificate IV in Timber Truss and Frame Design (FWP40416),100
FWP40420,Certificate IV in Timber Systems Design (FWP40420),100
FWP50116,Diploma of Forest and Forest Products (FWP50116),100
FWP50121,Diploma of Forest Operations (FWP50121),100
FWP50216,Diploma of Timber Truss and Frame Manufacture (FWP50216),100
FWP50316,Diploma of Timber Truss and Frame Design (FWP50316),100
HLT20113,Certificate II in Aboriginal and/or Torres Strait Islander Primary Health Care,100
HLT20121,Certificate II in Aboriginal and/or Torres Strait Islander Primary Health Care,100
HLT20907,Certificate II in Population Health (HLT20907),100
HLT21007,Certificate II in Indigenous Environmental Health (HLT21007),100
HLT21015,Certificate II in Medical Service First Response (HLT21015),100
HLT21107,Certificate II in Emergency Medical Service First Response (HLT21107),100
HLT21112,Certificate II in Emergency Medical Service First Response (HLT21112),95
HLT21207,Certificate II in Health Support Services (HLT21207),100
HLT21212,Certificate II in Health Support Services (HLT21212),95
HLT21307,Certificate II in Aboriginal and/or Torres Strait Islander Primary Health Care,100
HLT23215,Certificate II in Health Support Services (HLT23215),100
HLT23221,Certificate II in Health Support Services (HLT23221),100
HLT26015,Certificate II in Population Health (HLT26015),100
HLT26115,Certificate II in Indigenous Environmental Health (HLT26115),100
HLT26120,Certificate II in Indigenous Environmental Health (HLT26120),100
HLT30113,Certificate III in Aboriginal and/or Torres Strait Islander Primary Health Care,100
HLT30121,Certificate III in Aboriginal and/or Torres Strait Islander Primary Health Care,100
HLT30207,Certificate III in Non-Emergency Client Transport (HLT30207),100
HLT31107,Certificate III in Sterilisation Services (HLT31107),100
HLT31112,Certificate III in Sterilisation Services (HLT31112),95
HLT31215,Certificate III in Basic Health Care (HLT31215),100
HLT31220,Certificate III in Basic Health Care (HLT31220),100
HLT31407,Certificate III in Hospital/Health Services Pharmacy Support (HLT31407),100
HLT31507,Certificate III in Nutrition and Dietetic Assistance (HLT31507),100
HLT31512,Certificate III in Nutrition and Dietetic Assistance (HLT31512),95
HLT31807,Certificate III in Dental Assisting (HLT31807),130
HLT31812,Certificate III in Dental Assisting (HLT31812),124
HLT31907,Certificate III in Ambulance Communications (Call-taking) (HLT31907),100
HLT32007,Certificate III in Mortuary Theatre Practice (HLT32007),100
HLT32107,Certificate III in Prosthetic/Orthotic Technology (HLT32107),100
HLT32207,Certificate III in Population Health (HLT32207),100
HLT32307,Certificate III in Indigenous Environmental Health (HLT32307),100
HLT32407,Certificate III in Allied Health Assistance (HLT32407),100
HLT32412,Certificate III in Allied Health Assistance (HLT32412),95
HLT32507,Certificate III in Health Services Assistance (HLT32507),100
HLT32512,Certificate III in Health Services Assistance (HLT32512),95
HLT32607,Certificate III in Pathology (HLT32607),100
HLT32612,Certificate III in Pathology (HLT32612),95
HLT32707,Certificate III in Dental Laboratory Assisting (HLT32707),100
HLT32712,Certificate III in Dental Laboratory Assisting (HLT32712),95
HLT32807,Certificate III in Health Support Services (HLT32807),100
HLT32812,Certificate III in Health Support Services (HLT32812),67
HLT32907,Certificate III in Health Administration (HLT32907),100
HLT32912,Certificate III in Health Administration (HLT32912),95
HLT33015,Certificate III in Allied Health Assistance (HLT33015),100
HLT33021,Certificate III in Allied Health Assistance (HLT33021),100
HLT33107,Certificate III in Basic Health Care (HLT33107),100
HLT33115,Certificate III in Health Services Assistance (HLT33115),100
HLT33207,Certificate III in Aboriginal and/or Torres Strait Islander Primary Health Care,100
HLT33212,Certificate III in Aboriginal and-or Torres Strait Islander Primary Health Care,100
HLT33215,Certificate III in Health Support Services (HLT33215),100
HLT35015,Certificate III in Dental Assisting (HLT35015),130
HLT35021,Certificate III in Dental Assisting (HLT35021),130
HLT35115,Certificate III in Dental Laboratory Assisting (HLT35115),100
HLT36015,Certificate III in Population Health (HLT36015),100
HLT36115,Certificate III in Indigenous Environmental Health (HLT36115),100
HLT37015,Certificate III in Sterilisation Services (HLT37015),100
HLT37115,Certificate III in Hospital/Health Services Pharmacy Support (HLT37115),100
HLT37121,Certificate III in Hospital or Health Services Pharmacy Support (HLT37121),100
HLT37215,Certificate III in Pathology Collection (HLT37215),100
HLT37315,Certificate III in Health Administration (HLT37315),100
HLT37415,Certificate III in Pathology Assistance (HLT37415),100
HLT37525,Certificate III in Pathology (HLT37525),100
HLT40113,Certificate IV in Aboriginal and/or Torres Strait Islander Primary Health Care,100
HLT40121,Certificate IV in Aboriginal and/or Torres Strait Islander Primary Health Care,100
HLT40213,Certificate IV in Aboriginal and/or Torres Strait Islander Primary Health Care,100
HLT40221,Certificate IV in Aboriginal and/or Torres Strait Islander Primary Health Care,100
HLT40307,Certificate IV in Massage Therapy Practice (HLT40307),100
HLT40312,Certificate IV in Massage Therapy Practice (HLT40312),95
HLT40407,Certificate IV in Health Supervision (HLT40407),100
HLT40507,Certificate IV in Hospital/Health Services Pharmacy Support (HLT40507),100
HLT41007,Certificate IV in Health Care (Ambulance) (HLT41007),100
HLT41107,Certificate IV in Ambulance Communications (HLT41107),100
HLT41207,Certificate IV in Ayurvedic Lifestyle Consultation (HLT41207),100
HLT41212,Certificate IV in Ayurvedic Lifestyle Consultation (HLT41212),19
HLT41307,Certificate IV in Audiometric Assessment (HLT41307),100
HLT41407,Certificate IV in Cast Technology (HLT41407),100
HLT41412,Certificate IV in Cast Technology (HLT41412),67
HLT41507,Certificate IV in Hyperbaric Technology (HLT41507),100
HLT41512,Certificate IV in Hyperbaric Technology (HLT41512),95
HLT41607,Certificate IV in Mortuary Theatre Practice (HLT41607),100
HLT41707,Certificate IV in Neurophysiology Technology (HLT41707),100
HLT41807,Certificate IV in Pathology (HLT41807),100
HLT41812,Certificate IV in Pathology (HLT41812),95
HLT41907,Certificate IV in Sleep Technology (HLT41907),100
HLT42007,Certificate IV in Operating Theatre Technical Support (HLT42007),100
HLT42012,Certificate IV in Operating Theatre Technical Support (HLT42012),95
HLT42015,Certificate IV in Massage Therapy (HLT42015),100
HLT42107,Certificate IV in Cardiac Technology (HLT42107),100
HLT42307,Certificate IV in Population Health (HLT42307),100
HLT42312,Certificate IV in Population Health (HLT42312),67
HLT42407,Certificate IV in Indigenous Environmental Health (HLT42407),100
HLT42507,Certificate IV in Allied Health Assistance (HLT42507),100
HLT42512,Certificate IV in Allied Health Assistance (HLT42512),95
HLT42607,Certificate IV in Anaesthetic Technology (HLT42607),100
HLT42707,Certificate IV in Aromatherapy (HLT42707),100
HLT42712,Certificate IV in Aromatherapy (HLT42712),19
HLT42807,Certificate IV in Kinesiology (HLT42807),100
HLT43007,Certificate IV in Dental Assisting (HLT43007),100
HLT43012,Certificate IV in Dental Assisting (HLT43012),95
HLT43015,Certificate IV in Allied Health Assistance (HLT43015),100
HLT43021,Certificate IV in Allied Health Assistance (HLT43021),100
HLT43207,Certificate IV in Health Administration (HLT43207),100
HLT43212,Certificate IV in Health Administration (HLT43212),95
HLT43307,Certificate IV in Medical Practice Assisting (HLT43307),100
HLT43312,Certificate IV in Medical Practice Assisting (HLT43312),95
HLT43507,Certificate IV in Optical Dispensing (HLT43507),100
HLT43512,Certificate IV in Optical Dispensing (HLT43512),100
HLT43607,Certificate IV in Rehabilitation and Assistive Technology (HLT43607),100
HLT43707,Certificate IV in Optical Technology (HLT43707),100
HLT43807,Certificate IV in Sterilisation Services (HLT43807),100
HLT43812,Certificate IV in Sterilisation Services (HLT43812),95
HLT43907,Certificate IV in Aboriginal and/or Torres Strait Islander Primary Health Care,100
HLT44007,Certificate IV in Aboriginal and/or Torres Strait Islander Primary Health,100
HLT45015,Certificate IV in Dental Assisting (HLT45015),100
HLT45021,Certificate IV in Dental Assisting (HLT45021),100
HLT46015,Certificate IV in Population Health (HLT46015),100
HLT46115,Certificate IV in Indigenous Environmental Health (HLT46115),100
HLT47015,Certificate IV in Sterilisation Services (HLT47015),100
HLT47115,Certificate IV in Hospital/Health Services Pharmacy Support (HLT47115),100
HLT47121,Certificate IV in Hospital or Health Services Pharmacy Support (HLT47121),100
HLT47315,Certificate IV in Health Administration (HLT47315),100
HLT47321,Certificate IV in Health Administration (HLT47321),100
HLT47415,Certificate IV in Audiometry (HLT47415),100
HLT47515,Certificate IV in Operating Theatre Technical Support (HLT47515),100
HLT47615,Certificate IV in Cardiac Technology (HLT47615),100
HLT47715,Certificate IV in Medical Practice Assisting (HLT47715),100
HLT47815,Certificate IV in Optical Dispensing (HLT47815),100
HLT50107,Diploma of Traditional Chinese Medicine Remedial Massage (An Mo Tui Na),100
HLT50207,Diploma of Shiatsu and Oriental Therapies (HLT50207),100
HLT50307,Diploma of Remedial Massage (HLT50307),95
HLT50507,Diploma of Dental Technology (HLT50507),100
HLT50512,Diploma of Dental Technology (HLT50512),95
HLT50707,Diploma of Hyperbaric Technology (HLT50707),100
HLT50907,Diploma of Sleep Technology (HLT50907),100
HLT51007,Diploma of Population Health (HLT51007),100
HLT51012,Diploma of Population Health (HLT51012),95
HLT51015,Diploma of Paramedical Science (HLT51015),100
HLT51020,Diploma of Emergency Health Care (HLT51020),100
HLT51107,Diploma of Indigenous Environmental Health (HLT51107),100
HLT51307,Diploma of Hearing Device Prescription and Evaluation (HLT51307),100
HLT51407,Diploma of Aromatherapy (HLT51407),19
HLT51507,Diploma of Kinesiology (HLT51507),95
HLT51607,Diploma of Nursing (Enrolled/Division 2 nursing) (HLT51607),100
HLT51612,Diploma of Nursing (Enrolled-Division 2 nursing) (HLT51612),100
HLT51707,Diploma of Reflexology (HLT51707),100
HLT51712,Diploma of Reflexology (HLT51712),19
HLT51907,Diploma of Mortuary Theatre Practice (HLT51907),100
HLT52007,Diploma of Practice Management (HLT52007),100
HLT52012,Diploma of Practice Management (HLT52012),95
HLT52015,Diploma of Remedial Massage (HLT52015),100
HLT52107,Diploma of Aboriginal and/or Torres Strait Islander Primary Health Care,100
HLT52207,Diploma of Aboriginal and/or Torres Strait Islander Primary Health (Community,100
HLT52315,Diploma of Clinical Aromatherapy (HLT52315),100
HLT52515,Diploma of Reflexology (HLT52515),100
HLT54115,Diploma of Nursing (HLT54115),100
HLT54121,Diploma of Nursing (HLT54121),100
HLT55115,Diploma of Dental Technology (HLT55115),100
HLT55118,Diploma of Dental Technology (HLT55118),100
HLT57715,Diploma of Practice Management (HLT57715),100
HLT60107,Advanced Diploma of Western Herbal Medicine (HLT60107),100
HLT60407,Advanced Diploma of Dental Prosthetics (HLT60407),100
HLT60412,Advanced Diploma of Dental Prosthetics (HLT60412),95
HLT60507,Advanced Diploma of Naturopathy (HLT60507),100
HLT60607,Advanced Diploma of Homoeopathy (HLT60607),100
HLT60707,Advanced Diploma of Ayurveda (HLT60707),100
HLT60712,Advanced Diploma of Ayurveda (HLT60712),19
HLT60807,Advanced Diploma of Neurophysiology Technology (HLT60807),100
HLT60907,Advanced Diploma of Aromatic Medicine (HLT60907),100
HLT61007,Advanced Diploma of Nutritional Medicine (HLT61007),100
HLT61107,Advanced Diploma of Nursing (Enrolled/Division 2 nursing) (HLT61107),100
HLT61207,Advanced Diploma of Aboriginal and/or Torres Strait Islander Primary Health,100
HLT61307,Advanced Diploma of Aboriginal and/or Torres Strait Islander Primary Health,100
HLT64115,Advanced Diploma of Nursing (HLT64115),100
HLT64121,Advanced Diploma of Nursing (HLT64121),100
HLTSS00012,Ear and hearing health skills set - Aboriginal and-or Torres Strait Islander,19
HLTSS00015,Nutrition support skill set - for Aboriginal and/or Torres Strait Islander,19
HLTSS00018,Oral health care skill set - to work with Aboriginal and/or Torres Strait Islander,19
HLTSS00023,Renal care skill set - Aboriginal and/or Torres Strait Islander primary health care,19
HLTSS00037,Advanced Practice for Aboriginal and/or Torres Strait Islander Health Workers,100
HLTSS00038,Aboriginal and/or Torres Strait Islander Disability Care Skill Set (HLTSS00038),100
HLTSS00039,Aboriginal and/or Torres Strait Islander Aged Care Skill Set (HLTSS00039),100
HLTSS00043,Telehealth Administration skill set (HLTSS00043),100
HLTSS00053,Allied Health Assistance - Occupational Therapy Skill Set (HLTSS00053),100
HLTSS00054,Allied Health Assistance - Physiotherapy Skill Set (HLTSS00054),100
HLTSS00055,Allied Health Assistance - Podiatry Skill Set (HLTSS00055),100
HLTSS00057,Allied Health Assistance - Speech Pathology Skill Set (HLTSS00057),100
HLTSS00061,Food safety supervision skill set - for community services and health industries,100
HLTSS00064,Bridging and Enabling Courses of Infection control Skill Set (HLTSS00064),250
HLTSS00065,Bridging and Enabling Courses of Infection control Skill Set (Retail),250
HLTSS00066,Bridging and Enabling Courses of Infection control Skill Set (Food Handling),250
HLTSS00067,Bridging and Enabling Courses of Infection control Skill Set (Transport and,250
HLTSS00072,Dental Radiography Skill Set (HLTSS00072),100
HLTSS00074,Allied Health Assistance - Rehabilitation and Reablement Skill Set,100
HLTSS00077,Allied Health Assistance - Movement and Mobility Skill Set (HLTSS00077),100
HLTSS00079,Allied Health Assistance - Podiatry Skill Set (HLTSS00079),100
HLTSS00080,Allied Health Assistance - Communication and Swallowing Skill Set,100
HLTSS00083,Infection Prevention and Control Skill Set (HLTSS00083),100
ICA10105,Certificate I in Information Technology (ICA10105),100
ICA10111,"Certificate I in Information, Digital Media and Technology (ICA10111)",95
ICA20105,Certificate II in Information Technology (ICA20105),100
ICA20111,"Certificate II in Information, Digital Media and Technology (ICA20111)",95
ICA30105,Certificate III in Information Technology (ICA30105),100
ICA30111,"Certificate III in Information, Digital Media and Technology (ICA30111)",95
ICA40105,Certificate IV in Information Technology (General) (ICA40105),100
ICA40111,Certificate IV in Information Technology (ICA40111),95
ICA40205,Certificate IV in Information Technology (Support) (ICA40205),100
ICA40211,Certificate IV in Information Technology Support (ICA40211),95
ICA40305,Certificate IV in Information Technology (Websites) (ICA40305),100
ICA40311,Certificate IV in Web-Based Technologies (ICA40311),95
ICA40405,Certificate IV in Information Technology (Networking) (ICA40405),100
ICA40411,Certificate IV in Information Technology Networking (ICA40411),95
ICA40505,Certificate IV in Information Technology (Programming) (ICA40505),100
ICA40511,Certificate IV in Programming (ICA40511),95
ICA40611,Certificate IV in Information Technology Testing (ICA40611),95
ICA40711,Certificate IV in Systems Analysis and Design (ICA40711),95
ICA40805,Certificate IV in Information Technology (Multimedia) (ICA40805),100
ICA40811,Certificate IV in Digital Media Technologies (ICA40811),95
ICA40911,Certificate IV in Digital and Interactive Games (ICA40911),95
ICA41011,Certificate IV in Computer Systems Technology (ICA41011),95
ICA50111,Diploma of Information Technology (ICA50111),95
ICA50205,Diploma of Information Technology (Project Management) (ICA50205),100
ICA50211,Diploma of Digital and Interactive Games (ICA50211),95
ICA50305,Diploma of Information Technology (Systems Administration) (ICA50305),100
ICA50311,Diploma of Information Technology Systems Administration (ICA50311),95
ICA50411,Diploma of Information Technology Networking (ICA50411),95
ICA50511,Diploma of Database Design and Development (ICA50511),95
ICA50605,Diploma of Information Technology (Website Development) (ICA50605),100
ICA50611,Diploma of Website Development (ICA50611),95
ICA50705,Diploma of Information Technology (Software Development) (ICA50705),100
ICA50711,Diploma of Software Development (ICA50711),95
ICA50811,Diploma of Systems Analysis and Design (ICA50811),95
ICA50905,Diploma of Information Technology (Multimedia) (ICA50905),100
ICA50911,Diploma of Digital Media Technologies (ICA50911),95
ICA60111,Advanced Diploma of Information Technology (ICA60111),67
ICA60205,Advanced Diploma of Information Technology (Network Security) (ICA60205),100
ICA60208,Advanced Diploma of Information Technology (Network Security) (ICA60208),100
ICA60211,Advanced Diploma of Network Security (ICA60211),95
ICA60311,Advanced Diploma of Information Technology Business Analysis (ICA60311),95
ICA60411,Advanced Diploma of Information Technology Project Management (ICA60411),100
ICA60511,Advanced Diploma of Computer Systems Technology (ICA60511),128
ICASS00022,System and Hardware Plus Technician Skill Set,19
ICASS00023,System and Network Plus Technician Skill set,19
ICP20110,Certificate II in Printing and Graphic Arts (General) (ICP20110),81
ICP20115,Certificate II in Printing and Graphic Arts (General) (ICP20115),85
ICP20120,Certificate II in Printing and Graphic Arts (ICP20120),100
ICP20210,Certificate II in Printing and Graphic Arts (Desktop Publishing) (ICP20210),81
ICP20310,Certificate II in Printing and Graphic Arts (Digital Printing) (ICP20310),81
ICP20410,Certificate II in Printing and Graphic Arts (Print Production Support) (ICP20410),81
ICP20510,Certificate II in Printing and Graphic Arts (Screen Printing) (ICP20510),81
ICP20610,"Certificate II in Printing and Graphic Arts (Converting, Binding and Finishing)",81
ICP20710,Certificate II in Printing and Graphic Arts (Sacks and Bags) (ICP20710),81
ICP20810,Certificate II in Printing and Graphic Arts (Cartons) (ICP20810),81
ICP20910,Certificate II in Printing and Graphic Arts (Corrugating) (ICP20910),81
ICP21010,Certificate II in Printing and Graphic Arts (Mail House) (ICP21010),81
ICP21110,Certificate II in Printing and Graphic Arts (Ink Manufacture) (ICP21110),85
ICP30105,Certificate III in Printing and Graphic Arts (Graphic Design Production),100
ICP30110,Certificate III in Printing and Graphic Arts (Graphic Design Production),100
ICP30112,Certificate III in Printing and Graphic Arts (Graphic Design Production),95
ICP30115,Certificate III in Printing and Graphic Arts (Graphic Design Production),95
ICP30205,Certificate III in Printing and Graphic Arts (Graphic Pre-press) (ICP30205),100
ICP30210,Certificate III in Printing and Graphic Arts (Graphic Pre-press) (ICP30210),100
ICP30212,Certificate III in Printing and Graphic Arts (Graphic Pre-press) (ICP30212),95
ICP30215,Certificate III in Printing and Graphic Arts (Graphic Prepress) (ICP30215),95
ICP30310,Certificate III in Printing and Graphic Arts (Multimedia) (ICP30310),100
ICP30312,Certificate III in Printing and Graphic Arts (Multimedia) (ICP30312),95
ICP30410,Certificate III in Printing and Graphic Arts (Digital Printing) (ICP30410),100
ICP30412,Certificate III in Printing and Graphic Arts (Digital Printing) (ICP30412),95
ICP30415,Certificate III in Printing and Graphic Arts (Digital Printing) (ICP30415),95
ICP30505,Certificate III in Printing and Graphic Arts (Printing) (ICP30505),100
ICP30510,Certificate III in Printing and Graphic Arts (Printing) (ICP30510),100
ICP30512,Certificate III in Printing and Graphic Arts (Printing) (ICP30512),95
ICP30515,Certificate III in Printing and Graphic Arts (Printing) (ICP30515),95
ICP30605,Certificate III in Printing and Graphic Arts (Screen Printing) (ICP30605),100
ICP30610,Certificate III in Printing and Graphic Arts (Screen Printing) (ICP30610),100
ICP30612,Certificate III in Printing and Graphic Arts (Screen Printing) (ICP30612),95
ICP30615,Certificate III in Printing and Graphic Arts (Screen Printing) (ICP30615),95
ICP30705,Certificate III in Printing and Graphic Arts (Print Finishing) (ICP30705),100
ICP30710,Certificate III in Printing and Graphic Arts (Print Finishing) (ICP30710),100
ICP30712,Certificate III in Printing and Graphic Arts (Print Finishing) (ICP30712),95
ICP30715,Certificate III in Printing and Graphic Arts (Print Finishing) (ICP30715),100
ICP30805,Certificate III in Printing and Graphic Arts (Sacks and Bags) (ICP30805),100
ICP30810,Certificate III in Printing and Graphic Arts (Sacks and Bags) (ICP30810),100
ICP30812,Certificate III in Printing and Graphic Arts (Sacks and Bags) (ICP30812),19
ICP30910,Certificate III in Printing and Graphic Arts (Cartons and Corrugating) (ICP30910),100
ICP30912,Certificate III in Printing and Graphic Arts (Cartons and Corrugating) (ICP30912),95
ICP31010,Certificate III in Printing and Graphic Arts (Mail House) (ICP31010),100
ICP31012,Certificate III in Printing and Graphic Arts (Mail House) (ICP31012),95
ICP31110,Certificate III in Printing and Graphic Arts (Ink Manufacture) (ICP31110),100
ICP31112,Certificate III in Printing and Graphic Arts (Ink Manufacture) (ICP31112),95
ICP31215,Certificate III in Printing (ICP31215),100
ICP31220,Certificate III in Printing (ICP31220),100
ICP31315,Certificate III in Print Manufacturing (ICP31315),100
ICP31320,"Certificate III in Print Binding, Finishing and Packaging (ICP31320)",100
ICP31415,Certificate III in Print Communications (ICP31415),100
ICP31420,Certificate III in Prepress Graphic Design Production (ICP31420),100
ICP40105,Certificate IV in Printing and Graphic Arts (Graphic Pre-press) (ICP40105),100
ICP40110,Certificate IV in Printing and Graphic Arts (Graphic Pre-press) (ICP40110),95
ICP40115,Certificate IV in Printing and Graphic Arts (ICP40115),100
ICP40210,Certificate IV in Printing and Graphic Arts (Multimedia) (ICP40210),95
ICP40310,Certificate IV in Printing and Graphic Arts (Printing) (ICP40310),95
ICP40405,Certificate IV in Printing and Graphic Arts (Print Finishing) (ICP40405),100
ICP40410,Certificate IV in Printing and Graphic Arts (Print Finishing) (ICP40410),95
ICP40510,Certificate IV in Printing and Graphic Arts (Mail House) (ICP40510),19
ICP40610,Certificate IV in Printing and Graphic Arts (Management/Sales) (ICP40610),95
ICP40710,Certificate IV in Printing and Graphic Arts (Process Leadership) (ICP40710),95
ICP50110,Diploma of Printing and Graphic Arts (Digital Production) (ICP50110),95
ICP50115,Diploma of Printing and Graphic Arts (ICP50115),100
ICP50210,Diploma of Printing and Graphic Arts (Multimedia) (ICP50210),95
ICP50310,Diploma of Printing and Graphic Arts (Printing) (ICP50310),95
ICP50410,Diploma of Printing and Graphic Arts (Management/Sales) (ICP50410),95
ICP50510,Diploma of Printing and Graphic Arts (Process Improvement) (ICP50510),95
ICT10115,"Certificate I in Information, Digital Media and Technology (ICT10115)",100
ICT20110,Certificate II in Telecommunications Technology (ICT20110),95
ICT20115,"Certificate II in Information, Digital Media and Technology (ICT20115)",100
ICT20120,Certificate II in Applied Digital Technologies (ICT20120),100
ICT20210,Certificate II in Telecommunications (ICT20210),95
ICT20213,Certificate II in Telecommunications (ICT20213),95
ICT20310,Certificate II in Telecommunications Cabling (ICT20310),95
ICT20313,Certificate II in Telecommunications Cabling (ICT20313),95
ICT20315,Certificate II in Telecommunications Technology (ICT20315),100
ICT20319,Certificate II in Telecommunications Technology (ICT20319),100
ICT20410,Certificate II in Telecommunications Digital Reception Technology (ICT20410),95
ICT20413,Certificate II in Telecommunications Digital Reception Technology (ICT20413),95
ICT20510,Certificate II in Telecommunications Rigging Installation (ICT20510),95
ICT30110,Certificate III in Broadband and Wireless Networks Technology (ICT30110),86
ICT30115,"Certificate III in Information, Digital Media and Technology (ICT30115)",100
ICT30118,"Certificate III in Information, Digital Media and Technology (ICT30118)",100
ICT30120,Certificate III in Information Technology (ICT30120),100
ICT30208,Certificate III in Telecommunications (ICT30208),100
ICT30210,Certificate III in Telecommunications (ICT30210),95
ICT30213,Certificate III in Telecommunications (ICT30213),95
ICT30310,Certificate III in Telecommunications Cabling (ICT30310),95
ICT30313,Certificate III in Telecommunications Cabling (ICT30313),95
ICT30315,Certificate III in Telecommunications Rigging Installation (ICT30315),100
ICT30410,Certificate III in Telecommunications Digital Reception Technology (ICT30410),95
ICT30510,Certificate III in Telecommunications Rigging Installation (ICT30510),95
ICT30513,Certificate III in Telecommunications Rigging Installation (ICT30513),95
ICT30515,Certificate III in Telecommunications Technology (ICT30515),100
ICT30519,Certificate III in Telecommunications Technology (ICT30519),100
ICT30524,Certificate III in Telecommunications Technology (ICT30524),100
ICT30610,Certificate III in Broadband and Wireless Networks (ICT30610),86
ICT40110,Certificate IV in Optical Networks (ICT40110),95
ICT40115,Certificate IV in Information Technology (ICT40115),100
ICT40118,Certificate IV in Information Technology (ICT40118),100
ICT40120,Certificate IV in Information Technology (ICT40120),100
ICT40210,Certificate IV in Telecommunications Network Engineering (ICT40210),95
ICT40215,Certificate IV in Information Technology Support (ICT40215),100
ICT40310,Certificate IV in Telecommunications Radio Communications (ICT40310),95
ICT40315,Certificate IV in Web-Based Technologies (ICT40315),100
ICT40410,Certificate IV in Radio Frequency Networks (ICT40410),95
ICT40415,Certificate IV in Information Technology Networking (ICT40415),100
ICT40418,Certificate IV in Information Technology Networking (ICT40418),100
ICT40510,Certificate IV in Telecommunications Network Planning (ICT40510),95
ICT40515,Certificate IV in Programming (ICT40515),100
ICT40518,Certificate IV in Programming (ICT40518),100
ICT40610,Certificate IV in Telecommunications Networks Technology (ICT40610),95
ICT40615,Certificate IV in Information Technology Testing (ICT40615),100
ICT40715,Certificate IV in Systems Analysis and Design (ICT40715),100
ICT40815,Certificate IV in Digital Media Technologies (ICT40815),100
ICT40915,Certificate IV in Digital and Interactive Games (ICT40915),100
ICT41015,Certificate IV in Computer Systems Technology (ICT41015),100
ICT41115,Certificate IV in Telecommunications Network Design (ICT41115),100
ICT41215,Certificate IV in Telecommunications Engineering Technology (ICT41215),100
ICT41219,Certificate IV in Telecommunications Engineering Technology (ICT41219),100
ICT50110,Diploma of Optical Networks (ICT50110),95
ICT50115,Diploma of Information Technology (ICT50115),100
ICT50118,Diploma of Information Technology (ICT50118),100
ICT50120,Diploma of Information Technology (ICT50120),100
ICT50210,Diploma of Telecommunications Network Engineering (ICT50210),95
ICT50215,Diploma of Digital and Interactive Games (ICT50215),100
ICT50220,Diploma of Information Technology (ICT50220),100
ICT50310,Diploma of Telecommunications Management (ICT50310),95
ICT50315,Diploma of Information Technology Systems Administration (ICT50315),100
ICT50318,Diploma of Information Technology Systems Administration (ICT50318),100
ICT50410,Diploma of Radio Frequency Networks (ICT50410),95
ICT50415,Diploma of Information Technology Networking (ICT50415),100
ICT50418,Diploma of Information Technology Networking (ICT50418),100
ICT50510,Diploma of Telecommunications Planning and Design (ICT50510),95
ICT50515,Diploma of Database Design and Development (ICT50515),100
ICT50615,Diploma of Website Development (ICT50615),100
ICT50715,Diploma of Software Development (ICT50715),100
ICT50718,Diploma of Software Development (ICT50718),100
ICT50815,Diploma of Systems Analysis and Design (ICT50815),100
ICT50818,Diploma of Systems Analysis and Design (ICT50818),100
ICT50915,Diploma of Digital Media Technologies (ICT50915),100
ICT51015,Diploma of Telecommunications Engineering (ICT51015),100
ICT60110,Advanced Diploma of Optical Networks (ICT60110),95
ICT60115,Advanced Diploma of Information Technology (ICT60115),100
ICT60120,Advanced Diploma of Information Technology (ICT60120),100
ICT60210,Advanced Diploma of Telecommunications Network Engineering (ICT60210),95
ICT60215,Advanced Diploma of Network Security (ICT60215),100
ICT60220,Advanced Diploma of Information Technology (ICT60220),100
ICT60315,Advanced Diploma of Information Technology Business Analysis (ICT60315),100
ICT60415,Advanced Diploma of Information Technology Project Management (ICT60415),100
ICT60515,Advanced Diploma of Computer Systems Technology (ICT60515),135
ICT60615,Advanced Diploma of Telecommunications Network Engineering (ICT60615),100
ICTSS00006,Basic Telecommunications Rigging Installation Skill Set,19
ICTSS00007,Broadband Skill Set,19
ICTSS00013,Fibre To The Premises (FTTP) Installation Skill Set (Base level installers),19
ICTSS00014,Fibre To The Premises (FTTP) Test and Commission Skill Set (Advanced level,19
ICTSS00015,Installing NBN Wireless and infrastructure Skill Set,19
ICTSS00048,Hardware Technician Skill Set (ICTSS00048),100
ICTSS00051,System and Hardware Plus Technician Skill Set (ICTSS00051),100
ICTSS00054,Visual Communications Specialist Skill Set (ICTSS00054),100
ICTSS00106,Introductory Tools and Applications Skill Set (ICTSS00106),100
ICTSS00107,Introductory Help Desk Skill Set (ICTSS00107),100
ICTSS00108,Digital Skills for Small Business Skill Set (ICTSS00108),100
ICTSS00109,Entry to Tech Skill Set (ICTSS00109),100
ICTSS00174,Hardware Technician Skill Set (ICTSS00174),100
ICTSS00177,System and Hardware Technician Skill Set (ICTSS00177),100
ICTSS00180,Visual Communications Specialist Skill Set (ICTSS00180),100
LGA10104,Certificate I in Local Government (LGA10104),100
LGA10204,Certificate I in Local Government (Operational Works) (LGA10204),100
LGA20104,Certificate II in Local Government (LGA20104),100
LGA20120,Certificate II in Local Government (LGA20120),100
LGA20204,Certificate II in Local Government (Operational Works) (LGA20204),100
LGA30104,Certificate III in Local Government (LGA30104),100
LGA30120,Certificate III in Local Government (LGA30120),100
LGA30208,Certificate III in Local Government (Health and Environment) (LGA30208),100
LGA30304,Certificate III in Local Government (Operational Works) (LGA30304),100
LGA30404,Certificate III in Local Government (Regulatory Services) (LGA30404),100
LGA40104,Certificate IV in Local Government (LGA40104),100
LGA40120,Certificate IV in Local Government (LGA40120),100
LGA40204,Certificate IV in Local Government Administration (LGA40204),100
LGA40308,Certificate IV in Local Government (Health and Environment) (LGA40308),100
LGA40404,Certificate IV in Local Government (Operational Works) (LGA40404),100
LGA40504,Certificate IV in Local Government (Regulatory Services) (LGA40504),100
LGA40604,Certificate IV in Local Government (Land Management) (LGA40604),100
LGA40708,Certificate IV in Local Government (Planning) (LGA40708),100
LGA50104,Diploma of Local Government Administration (LGA50104),100
LGA50120,Diploma of Local Government (LGA50120),100
LGA50208,Diploma of Local Government (Health and Environment) (LGA50208),100
LGA50304,Diploma of Local Government (Land Management) (LGA50304),100
LGA50404,Diploma of Local Government (Operational Works) (LGA50404),100
LGA50508,Diploma of Local Government (Planning) (LGA50508),100
LGA50712,Diploma of Local Government (LGA50712),100
LMF10108,Certificate I in Furnishing (LMF10108),86
LMF20102,Certificate II in Floor Covering and Finishing (LMF20102),80
LMF20202,Certificate II in Furniture Finishing (LMF20202),86
LMF20302,Certificate II in Furniture Making (LMF20302),80
LMF20309,Certificate II in Furniture Making (LMF20309),76
LMF20402,Certificate II in Glass and Glazing (LMF20402),100
LMF20502,Certificate II in Mattress and Base Making (LMF20502),76
LMF20602,Certificate II in Picture Framing (LMF20602),76
LMF20702,Certificate II in Soft Furnishing (LMF20702),76
LMF20802,Certificate II in Upholstery (LMF20802),76
LMF20908,Certificate II in Flooring Technology (LMF20908),76
LMF21008,Certificate II in Blinds and Awnings (LMF21008),80
LMF21108,Certificate II in Security Screens and Grills (LMF21108),80
LMF21208,Certificate II in Stained Glass and Lead Lighting (LMF21208),80
LMF21308,Certificate II in Coopering (LMF21308),80
LMF30202,Certificate III in Furniture Finishing (LMF30202),67
LMF30302,Certificate III in Furniture Making (LMF30302),67
LMF30402,Certificate III in Furniture Making (Cabinet Making) (LMF30402),100
LMF30502,Certificate III in Furniture Making (Wood Machining) (LMF30502),67
LMF30602,Certificate III in Glass and Glazing (LMF30602),100
LMF30611,Certificate III in Glass and Glazing (LMF30611),86
LMF30702,Certificate III in Mattress and Base Making (LMF30702),67
LMF30802,Certificate III in Picture Framing (LMF30802),67
LMF30902,Certificate III in Soft Furnishing (LMF30902),67
LMF31002,Certificate III in Upholstery (LMF31002),67
LMF31102,Certificate III in Production Upholstery (LMF31102),67
LMF31208,Certificate III in Flooring Technology (LMF31208),67
LMF31408,Certificate III in Musical Instrument Making and Repair (LMF31408),100
LMF31508,Certificate III in Piano Technology (LMF31508),100
LMF31608,Certificate III in Security Screens and Grills (LMF31608),100
LMF31708,Certificate III in Stained Glass and Lead Lighting (LMF31708),100
LMF31808,Certificate III in Blinds and Awnings (LMF31808),100
LMF31908,Certificate III in Interior Decoration (Retail Services) (LMF31908),100
LMF32009,Certificate III in Kitchens and Bathrooms (Client Services) (LMF32009),100
LMF32109,Certificate III in Cabinet Making (LMF32109),86
LMF40308,Certificate IV in Musical Instrument Making and Repair (LMF40308),100
LMF40408,Certificate IV in Interior Decoration (LMF40408),86
LMF40609,"Certificate IV in Design of Kitchens, Bathrooms and Interior Spaces (LMF40609)",86
LMF50308,Diploma of Stained Glass and Lead Lighting (LMF50308),100
LMF50408,Diploma of Interior Design and Decoration (LMF50408),67
LMF50508,Diploma of Furniture Design and Technology (LMF50508),48
LMF60102,Advanced Diploma of Furnishing Management (LMF60102),100
LMF60208,Advanced Diploma of Interior Design (LMF60208),48
LMT11107,Certificate I in Textiles Clothing and Footwear (LMT11107),80
LMT20107,Certificate II in Textile Production (Intermediate) (LMT20107),90
LMT20207,Certificate II in Textile Production (Complex or Multiple Processes) (LMT20207),80
LMT20507,Certificate II in Textile Fabrication (LMT20507),76
LMT20607,Certificate II in Clothing Production (Intermediate) (LMT20607),76
LMT20707,Certificate II in Clothing Production (Complex or Multiple Processes),80
LMT20807,Certificate II in Millinery (LMT20807),76
LMT20907,Certificate II in Footwear Production (Intermediate) (LMT20907),80
LMT21007,Certificate II in Footwear Production (Complex or Multiple Processes),80
LMT21107,Certificate II in Footwear Repair (LMT21107),80
LMT21207,Certificate II in Leather Production (LMT21207),80
LMT21410,Certificate II in Laundry Operations (LMT21410),86
LMT21507,Certificate II in Dry Cleaning Operations (LMT21507),100
LMT21510,Certificate II in Dry Cleaning Operations (LMT21510),95
LMT21607,Certificate II in Technical Textiles and Non-wovens (LMT21607),80
LMT21707,Certificate II in Applied Fashion Design and Technology (LMT21707),86
LMT30107,Certificate III in Textile Production (LMT30107),100
LMT30407,Certificate III in Textile Fabrication (LMT30407),67
LMT30507,Certificate III in Clothing Production (LMT30507),95
LMT30607,Certificate III in Millinery (LMT30607),100
LMT30707,Certificate III in Footwear Production (LMT30707),95
LMT30807,Certificate III in Footwear Repair (LMT30807),100
LMT30907,Certificate III in Leather Production (LMT30907),100
LMT31107,Certificate III in Laundry Operations (LMT31107),100
LMT31110,Certificate III in Laundry Operations (LMT31110),48
LMT31210,Certificate III in Dry Cleaning Operations (LMT31210),95
LMT31407,Certificate III in Applied Fashion Design and Technology (LMT31407),95
LMT31807,Certificate III in Technical Textiles and Non-wovens (LMT31807),100
LMT31909,Certificate III in Engineering - TCF Mechanic (LMT31909),100
LMT40107,Certificate IV in Textile Technology and Production (LMT40107),100
LMT40407,Certificate IV in Custom-made Footwear (LMT40407),95
LMT40707,Certificate IV in Millinery (LMT40707),100
LMT40810,Certificate IV in Laundry Operations and Supervision (LMT40810),100
LMT41007,Certificate IV in Applied Fashion Design and Technology (LMT41007),95
LMT41107,Certificate IV in Textile Design and Development (LMT41107),100
LMT41207,Certificate IV in Fashion and Textiles Merchandising (LMT41207),100
LMT50307,Diploma of Applied Fashion Design and Technology (LMT50307),95
LMT50407,Diploma of Textile Technology and Production Management (LMT50407),100
LMT50507,Diploma of Textile Design and Development (LMT50507),100
LMT50607,Diploma of Fashion and Textiles Merchandising (LMT50607),100
LMT60307,Advanced Diploma of Applied Fashion Design and Technology (LMT60307),95
LMT60407,Advanced Diploma of Textile Design and Development (LMT60407),100
LMT60507,Advanced Diploma of Fashion and Textiles Merchandising (LMT60507),100
MAR10220,Certificate I in Maritime Operations (General Purpose Hand Near Coastal),100
MAR10224,Certificate I in Maritime Operations (General Purpose Hand Near Coastal),100
MAR10418,Certificate I in Maritime Operations (Coxswain Grade 2 Near Coastal),85
MAR10424,Certificate I in Maritime Operations (Coxswain Grade 2 Near Coastal),85
MAR20113,Certificate II in Maritime Operations (Coxswain) (MAR20113),104
MAR20116,Certificate II in Maritime Operations (Linesperson) (MAR20116),100
MAR20120,Certificate II in Maritime Operations (Linesperson) (MAR20120),100
MAR20213,Certificate II in Maritime Operations (Marine Engine Driver Grade 3),104
MAR20313,Certificate II in Maritime Operations (Coxswain Grade 1 Near Coastal),109
MAR20318,Certificate II in Maritime Operations (Coxswain Grade 1 Near Coastal),109
MAR20321,Certificate II in Maritime Operations (Coxswain Grade 1 Near Coastal),109
MAR20324,Certificate II in Maritime Operations (Coxswain Grade 1 Near Coastal),109
MAR20413,Certificate II in Maritime Operations (Marine Engine Driver Grade 3 Near,109
MAR20418,Certificate II in Maritime Operations (Marine Engine Driver Grade 3 Near,109
MAR20421,Certificate II in Maritime Operations (Marine Engine Driver Grade 3 Near,109
MAR20424,Certificate II in Maritime Operations (Marine Engine Driver Grade 3 Near,109
MAR30116,Certificate III in Maritime Operations (Integrated Rating) (MAR30116),109
MAR30213,Certificate III in Maritime Operations (Marine Engine Driver Grade 2),94
MAR30218,Certificate III in Maritime Operations (Integrated Rating) (MAR30218),109
MAR30220,Certificate III in Maritime Operations (Integrated Rating) (MAR30220),100
MAR30413,Certificate III in Maritime Operations (Master up to 24 metres) (MAR30413),94
MAR30813,Certificate III in Maritime Operations (Marine Engine Driver Grade 2 Near,109
MAR30818,Certificate III in Maritime Operations (Marine Engine Driver Grade 2 Near,109
MAR30821,Certificate III in Maritime Operations (Marine Engine Driver Grade 2 Near,109
MAR30824,Certificate III in Maritime Operations (Marine Engine Driver Grade 2 Near,109
MAR30913,Certificate III in Maritime Operations (Master up to 24 metres Near Coastal),109
MAR30918,Certificate III in Maritime Operations (Master up to 24 metres Near Coastal),109
MAR30921,Certificate III in Maritime Operations (Master up to 24 metres Near Coastal),109
MAR30924,Certificate III in Maritime Operations (MAR30924),109
MAR40213,Certificate IV in Maritime Operations (Marine Engine Driver Grade 1),94
MAR40220,Certificate IV in Maritime Operations (Marine Engine Driver Grade 1 Near,109
MAR40224,Certificate IV in Maritime Operations (Marine Engine Driver Grade 1 Near,97
MAR40313,Certificate IV in Maritime Operations (Master up to 35 metres) (MAR40313),94
MAR40320,Certificate IV in Maritime Operations (Master up to 45 metres Near Coastal),109
MAR40324,Certificate IV in Maritime Operations (Master up to 45 metres Near Coastal),100
MAR40513,Certificate IV in Maritime Operations (Marine Engine Driver Grade 1 Near,109
MAR40518,Certificate IV in Maritime Operations (Marine Engine Driver Grade 1 Near,109
MAR40613,Certificate IV in Maritime Operations (Master up to 35 metres Near Coastal),109
MAR40618,Certificate IV in Maritime Operations (Master up to 35 metres Near Coastal),109
MAR50120,Diploma of Marine Engineering (MAR50120),100
MAR50613,Diploma of Maritime Operations (Marine Engineering Class 3 Near Coastal),100
MARSS00008,Shipboard Safety Skill Set (MARSS00008),100
MARSS00010,Marine Radio Operator's VHF and HF Skill Set (MARSS00010),100
MARSS00017,Coxswains Grade 1 Skill Set (MARSS00017),100
MEA20407,Certificate II in Aeroskills (MEA20407),85
MEA20410,Certificate II in Aeroskills (MEA20410),85
MEA20411,Certificate II in Aeroskills (MEA20411),81
MEA20415,Certificate II in Aeroskills (MEA20415),85
MEA20418,Certificate II in Aeroskills (MEA20418),85
MEA20510,Certificate II in Aircraft Line Maintenance (MEA20510),85
MEA20511,Certificate II in Aircraft Line Maintenance (MEA20511),81
MEA20515,Certificate II in Aircraft Line Maintenance (MEA20515),85
MEA20518,Certificate II in Aircraft Line Maintenance (MEA20518),85
MEA20610,Certificate II in Aircraft Surface Finishing (MEA20610),85
MEA20615,Certificate II in Aircraft Surface Finishing (MEA20615),85
MEA20618,Certificate II in Aircraft Surface Finishing (MEA20618),85
MEA30110,Certificate III in Aircraft Surface Finishing (MEA30110),100
MEA30115,Certificate III in Aircraft Surface Finishing (MEA30115),100
MEA30118,Certificate III in Aircraft Surface Finishing (MEA30118),100
MEA30310,Certificate III in Aircraft Life Support and Furnishing (MEA30310),100
MEA40607,Certificate IV in Aeroskills (Avionics) (MEA40607),100
MEA40610,Certificate IV in Aeroskills (Avionics) (MEA40610),100
MEA40611,Certificate IV in Aeroskills (Avionics) (MEA40611),95
MEA40615,Certificate IV in Aeroskills (Avionics) (MEA40615),100
MEA40618,Certificate IV in Aeroskills (Avionics) (MEA40618),100
MEA40707,Certificate IV in Aeroskills (Mechanical) (MEA40707),100
MEA40710,Certificate IV in Aeroskills (Mechanical) (MEA40710),100
MEA40711,Certificate IV in Aeroskills (Mechanical) (MEA40711),95
MEA40715,Certificate IV in Aeroskills (Mechanical) (MEA40715),100
MEA40718,Certificate IV in Aeroskills (Mechanical) (MEA40718),100
MEA40810,Certificate IV in Aeroskills (Structures) (MEA40810),100
MEA40910,Certificate IV in Aircraft Surface Finishing (MEA40910),100
MEA40915,Certificate IV in Aircraft Surface Finishing (MEA40915),100
MEA40918,Certificate IV in Aircraft Surface Finishing (MEA40918),100
MEA41011,Certificate IV in Aeroskills (Mechatronics) (MEA41011),95
MEA41015,Certificate IV in Aeroskills (Mechatronics) (MEA41015),100
MEA41018,Certificate IV in Aeroskills (Mechatronics) (MEA41018),100
MEA41110,Certificate IV in Aircraft Life Support and Furnishing (MEA41110),100
MEA41210,Certificate IV in Aeroskills (Armament) (MEA41210),100
MEA41311,Certificate IV in Aeroskills (Structures) (MEA41311),95
MEA41315,Certificate IV in Aeroskills (Structures) (MEA41315),100
MEA41318,Certificate IV in Aeroskills (Structures) (MEA41318),100
MEA41322,Certificate IV in Aeroskills (Structures) (MEA41322),100
MEA50110,Diploma of Aeroskills (Avionics) (MEA50110),100
MEA50111,Diploma of Aeroskills (Avionics) (MEA50111),95
MEA50115,Diploma of Aeroskills (Avionics) (MEA50115),100
MEA50118,Diploma of Aeroskills (Avionics) (MEA50118),100
MEA50210,Diploma of Aeroskills (Mechanical) (MEA50210),100
MEA50211,Diploma of Aeroskills (Mechanical) (MEA50211),95
MEA50215,Diploma of Aeroskills (Mechanical) (MEA50215),100
MEA50218,Diploma of Aeroskills (Mechanical) (MEA50218),100
MEA50219,Diploma of Aeroskills (Mechanical) (MEA50219),100
MEA50310,Diploma of Aviation Maintenance Management (Avionics) (MEA50310),100
MEA50315,Diploma of Aviation Maintenance Management (Avionics) (MEA50315),100
MEA50318,Diploma of Aviation Maintenance Management (Avionics) (MEA50318),100
MEA50410,Diploma of Aviation Maintenance Management (Mechanical) (MEA50410),100
MEA50415,Diploma of Aviation Maintenance Management (Mechanical) (MEA50415),100
MEA50418,Diploma of Aviation Maintenance Management (Mechanical) (MEA50418),100
MEA60110,Advanced Diploma of Aviation Maintenance Management (Avionics),100
MEA60115,Advanced Diploma of Aviation Maintenance Management (Avionics),100
MEA60118,Advanced Diploma of Aviation Maintenance Management (Avionics),100
MEA60210,Advanced Diploma of Aviation Maintenance Management (Mechanical),100
MEA60215,Advanced Diploma of Aviation Maintenance Management (Mechanical),100
MEA60218,Advanced Diploma of Aviation Maintenance Management (Mechanical),100
MEM10105,Certificate I in Engineering (MEM10105),95
MEM10205,Certificate I in Boating Services (MEM10205),100
MEM20105,Certificate II in Engineering (MEM20105),100
MEM20205,Certificate II in Engineering - Production Technology (MEM20205),100
MEM20219,Certificate II in Engineering - Production Technology (MEM20219),100
MEM20305,Certificate II in Boating Services (MEM20305),100
MEM20413,Certificate II in Engineering Pathways (MEM20413),100
MEM20422,Certificate II in Engineering Pathways (MEM20422),100
MEM30105,Certificate III in Engineering - Production Systems (MEM30105),100
MEM30119,Certificate III in Engineering - Production Systems (MEM30119),100
MEM30205,Certificate III in Engineering - Mechanical Trade (MEM30205),105
MEM30219,Certificate III in Engineering - Mechanical Trade (MEM30219),105
MEM30305,Certificate III in Engineering - Fabrication Trade (MEM30305),110
MEM30319,Certificate III in Engineering - Fabrication Trade (MEM30319),110
MEM30405,Certificate III in Engineering - Electrical/Electronic Trade (MEM30405),115
MEM30422,Certificate III in Engineering - Electronic Trade (MEM30422),100
MEM30505,Certificate III in Engineering - Technical (MEM30505),120
MEM30522,Certificate III in Engineering - Technical (MEM30522),120
MEM30605,Certificate III in Jewellery Manufacture (MEM30605),100
MEM30619,Certificate III in Jewellery Manufacture (MEM30619),100
MEM30705,Certificate III in Marine Craft Construction (MEM30705),100
MEM30719,Certificate III in Marine Craft Construction (MEM30719),100
MEM30805,Certificate III in Locksmithing (MEM30805),110
MEM30819,Certificate III in Locksmithing (MEM30819),110
MEM30905,Certificate III in Boating Services (MEM30905),100
MEM31010,Certificate III in Watch and Clock Service and Repair (MEM31010),100
MEM31019,Certificate III in Watch and Clock Service and Repair (MEM31019),100
MEM31112,Certificate III in Engineering - Composites Trade (MEM31112),100
MEM31119,Certificate III in Engineering - Composites Trade (MEM31119),100
MEM31319,Certificate III in Refrigeration and Air Conditioning (MEM31319),100
MEM31322,Certificate III in Refrigeration and Air Conditioning (MEM31322),100
MEM31419,Certificate III in Engineering - Fixed and Mobile Plant Mechanic (MEM31419),100
MEM31519,Certificate III in Engineering - Toolmaking Trade (MEM31519),100
MEM31719,Certificate III in Engineering - Casting and Moulding Trade (MEM31719),100
MEM31922,Certificate III in Engineering - Fabrication Trade (MEM31922),110
MEM31925,Certificate III in Engineering - Fabrication Trade (MEM31925),110
MEM40105,Certificate IV in Engineering (MEM40105),100
MEM40119,Certificate IV in Engineering (MEM40119),100
MEM40205,Certificate IV in Boating Services (MEM40205),100
MEM50105,Diploma of Engineering - Advanced Trade (MEM50105),100
MEM50119,Diploma of Engineering - Advanced Trade (MEM50119),100
MEM50205,Diploma of Engineering - Technical (MEM50205),100
MEM50211,Diploma of Engineering - Technical (MEM50211),95
MEM50212,Diploma of Engineering - Technical (MEM50212),100
MEM50222,Diploma of Engineering - Technical (MEM50222),100
MEM50822,Diploma of Applied Technologies (MEM50822),100
MEM60105,Advanced Diploma of Engineering (MEM60105),100
MEM60111,Advanced Diploma of Engineering (MEM60111),95
MEM60112,Advanced Diploma of Engineering (MEM60112),100
MEM60122,Advanced Diploma of Engineering (MEM60122),100
MSA10107,Certificate I in Manufacturing (Pathways) (MSA10107),76
MSA10207,Certificate I in Process Manufacturing (MSA10207),76
MSA20107,Certificate II in Process Manufacturing (MSA20107),76
MSA20208,Certificate II in Manufacturing Technology (MSA20208),76
MSA20510,Certificate II in Recreational Vehicle Service and Repair (MSA20510),80
MSA20610,Certificate II in Recreational Vehicle Manufacture (MSA20610),80
MSA21108,Certificate II in Competitive Manufacturing (MSA21108),80
MSA30107,Certificate III in Process Manufacturing (MSA30107),95
MSA30208,Certificate III in Manufacturing Technology (MSA30208),100
MSA30309,Certificate III in Surface Preparation and Coating Application (MSA30309),100
MSA30510,Certificate III in Recreational Vehicle Service and Repair (MSA30510),100
MSA31108,Certificate III in Competitive Manufacturing (MSA31108),100
MSA40108,Certificate IV in Manufacturing Technology (MSA40108),100
MSA41108,Certificate IV in Competitive Manufacturing (MSA41108),100
MSA50108,Diploma of Manufacturing Technology (MSA50108),100
MSA51108,Diploma of Competitive Manufacturing (MSA51108),100
MSA60108,Advanced Diploma of Manufacturing Technology (MSA60108),100
MSA61108,Advanced Diploma of Competitive Manufacturing (MSA61108),100
MSF10113,Certificate I in Furnishing (MSF10113),90
MSF20213,Certificate II in Furniture Finishing (MSF20213),90
MSF20313,Certificate II in Furniture Making (MSF20313),80
MSF20322,Certificate II in Cabinet Making and Timber Technology (MSF20322),100
MSF20413,Certificate II in Glass and Glazing (MSF20413),100
MSF30113,Certificate III in Furniture Finishing (MSF30113),100
MSF30122,Certificate III in Furniture Finishing (MSF30122),100
MSF30213,Certificate III in Furniture Making (MSF30213),100
MSF30313,Certificate III in Timber and Composites Machining (MSF30313),100
MSF30322,Certificate III in Cabinet Making and Timber Technology (MSF30322),100
MSF30413,Certificate III in Glass and Glazing (MSF30413),100
MSF30418,Certificate III in Glass and Glazing (MSF30418),100
MSF30422,Certificate III in Glass and Glazing (MSF30422),100
MSF30513,Certificate III in Picture Framing (MSF30513),100
MSF30518,Certificate III in Picture Framing (MSF30518),100
MSF30613,Certificate III in Soft Furnishing (MSF30613),100
MSF30713,Certificate III in Upholstery (MSF30713),100
MSF30722,Certificate III in Upholstery (MSF30722),100
MSF30813,Certificate III in Flooring Technology (MSF30813),100
MSF30818,Certificate III in Flooring Technology (MSF30818),100
MSF30822,Certificate III in Flooring Technology (MSF30822),100
MSF31113,Certificate III in Cabinet Making (MSF31113),100
MSF40113,Certificate IV in Interior Decoration (MSF40113),100
MSF40118,Certificate IV in Interior Decoration (MSF40118),100
MSF40122,Certificate IV in Interior Decoration (MSF40122),100
MSF40313,"Certificate IV in Design of Kitchens, Bathrooms and Interior Spaces (MSF40313)",100
MSF40318,Certificate IV in Kitchen and Bathroom Design (MSF40318),100
MSF50213,Diploma of Interior Design and Decoration (MSF50213),100
MSF50218,Diploma of Interior Design (MSF50218),100
MSF50222,Diploma of Interior Design (MSF50222),100
MSF50313,Diploma of Furniture Design and Technology (MSF50313),100
MSF60113,Advanced Diploma of Interior Design (MSF60113),100
MSF60118,Advanced Diploma of Interior Design (MSF60118),100
MSF60122,Advanced Diploma of Interior Design (MSF60122),100
MSL20109,Certificate II in Sampling and Measurement (MSL20109),86
MSL20116,Certificate II in Sampling and Measurement (MSL20116),90
MSL20118,Certificate II in Sampling and Measurement (MSL20118),90
MSL30109,Certificate III in Laboratory Skills (MSL30109),95
MSL30116,Certificate III in Laboratory Skills (MSL30116),100
MSL30118,Certificate III in Laboratory Skills (MSL30118),100
MSL30122,Certificate III in Laboratory Skills (MSL30122),100
MSL40109,Certificate IV in Laboratory Techniques (MSL40109),95
MSL40116,Certificate IV in Laboratory Techniques (MSL40116),100
MSL40118,Certificate IV in Laboratory Techniques (MSL40118),100
MSL40122,Certificate IV in Laboratory Techniques (MSL40122),100
MSL50109,Diploma of Laboratory Technology (MSL50109),95
MSL50116,Diploma of Laboratory Technology (MSL50116),100
MSL50118,Diploma of Laboratory Technology (MSL50118),100
MSL50122,Diploma of Laboratory Technology (MSL50122),100
MSL60109,Advanced Diploma of Laboratory Operations (MSL60109),67
MSL60116,Advanced Diploma of Laboratory Operations (MSL60116),100
MSL60118,Advanced Diploma of Laboratory Operations (MSL60118),100
MSL60122,Advanced Diploma of Laboratory Management (MSL60122),100
MSM20116,Certificate II in Process Manufacturing (MSM20116),80
MSM20216,Certificate II in Manufacturing Technology (MSM20216),80
MSM21015,Certificate II in Recreational Vehicle Service and Repair (MSM21015),80
MSM21115,Certificate II in Recreational Vehicle Manufacturing (MSM21115),80
MSM21122,Certificate II in Recreational Vehicle Trade Pathways (MSM21122),100
MSM30116,Certificate III in Process Manufacturing (MSM30116),100
MSM30216,Certificate III in Surface Preparation and Coating Application (MSM30216),100
MSM30318,Certificate III in Manufactured Mineral Products (MSM30318),100
MSM31015,Certificate III in Recreational Vehicle Service and Repair (MSM31015),100
MSM31022,Certificate III in Recreational Vehicle Service and Repair (MSM31022),100
MSM31115,Certificate III in Recreational Vehicle Manufacturing (MSM31115),100
MSM31122,Certificate III in Recreational Vehicle Manufacturing (MSM31122),100
MSM31215,Certificate III in Recreational Vehicle and Accessories Retailing (MSM31215),100
MSM41015,Certificate IV in Recreational Vehicles (MSM41015),100
MSM41115,Certificate IV in Recreational Vehicle and Accessories Retailing (MSM41115),100
MSM51015,Diploma of Recreational Vehicles (MSM51015),100
MSS20312,Certificate II in Competitive Systems and Practices (MSS20312),76
MSS30312,Certificate III in Competitive Systems and Practices (MSS30312),95
MSS30316,Certificate III in Competitive Systems and Practices (MSS30316),100
MSS30322,Certificate III in Competitive Systems and Practices (MSS30322),100
MSS40111,Certificate IV in Sustainable Operations (MSS40111),95
MSS40211,Certificate IV in Environmental Monitoring and Technology (MSS40211),95
MSS40216,Certificate IV in Environmental Monitoring and Technology (MSS40216),100
MSS40218,Certificate IV in Environmental Monitoring and Technology (MSS40218),100
MSS40312,Certificate IV in Competitive Systems and Practices (MSS40312),95
MSS40316,Certificate IV in Competitive Systems and Practices (MSS40316),100
MSS40322,Certificate IV in Competitive Systems and Practices (MSS40322),100
MSS50111,Diploma of Sustainable Operations (MSS50111),100
MSS50112,Diploma of Sustainable Operations (MSS50112),95
MSS50116,Diploma of Sustainable Operations (MSS50116),100
MSS50118,Diploma of Sustainable Operations (MSS50118),100
MSS50211,Diploma of Environmental Monitoring and Technology (MSS50211),95
MSS50216,Diploma of Environmental Monitoring and Technology (MSS50216),100
MSS50218,Diploma of Environmental Monitoring and Technology (MSS50218),100
MSS50312,Diploma of Competitive Systems and Practices (MSS50312),95
MSS50316,Diploma of Competitive Systems and Practices (MSS50316),100
MSS50322,Diploma of Competitive Systems and Practices (MSS50322),100
MSS60316,Advanced Diploma of Competitive Systems and Practices (MSS60316),100
MST20116,Certificate II in TCF Production Support (MST20116),80
MST20416,Certificate II in Laundry Operations (MST20416),90
MST20419,Certificate II in Laundry Operations (MST20419),90
MST20516,Certificate II in TCF Services and Repair (MST20516),100
MST20616,Certificate II in Applied Fashion Design and Technology (MST20616),90
MST30116,Certificate III in Clothing and Textile Production (MST30116),100
MST30416,Certificate III in Footwear (MST30416),100
MST30516,Certificate III in Leather Production (MST30516),100
MST30519,Certificate III in Leather Production (MST30519),100
MST30616,Certificate III in Laundry Operations (MST30616),100
MST30619,Certificate III in Laundry Operations (MST30619),100
MST30716,Certificate III in Dry Cleaning Operations (MST30716),100
MST30719,Certificate III in Dry Cleaning Operations (MST30719),100
MST30816,Certificate III in Applied Fashion Design and Technology (MST30816),100
MST30819,Certificate III in Applied Fashion Design and Technology (MST30819),100
MST30919,Certificate III in Dry Cleaning Operations (MST30919),100
MST30922,Certificate III in Dry Cleaning Operations (MST30922),100
MST31022,"Certificate III in Apparel, Fashion and Textiles (MST31022)",100
MST40316,Certificate IV in Custom-Made Footwear (MST40316),100
MST40516,Certificate IV in Applied Fashion Design and Merchandising (MST40516),100
MST50116,Diploma of Applied Fashion Design and Merchandising (MST50116),100
MST60116,Advanced Diploma of Applied Fashion Design and Merchandising (MST60116),100
MST60119,Advanced Diploma of Applied Fashion Design and Merchandising (MST60119),100
MST60122,"Advanced Diploma of Apparel, Fashion and Textiles (MST60122)",100
MSTSS00015,Industrial Sewing Skill Set (MSTSS00015),100
MSTSS00017,Sample Machining Skill Set (MSTSS00017),100
MTM10111,Certificate I in Meat Processing (Smallgoods) (MTM10111),95
MTM10207,Certificate I in Meat Processing (Meat Retailing) (MTM10207),90
MTM10211,Certificate I in Meat Processing (Meat Retailing) (MTM10211),86
MTM20107,Certificate II in Meat Processing (Abattoirs) (MTM20107),90
MTM20111,Certificate II in Meat Processing (Abattoirs) (MTM20111),86
MTM20207,Certificate II in Meat Processing (Smallgoods) (MTM20207),100
MTM20211,Certificate II in Meat Processing (Smallgoods) (MTM20211),95
MTM20311,Certificate II in Meat Processing (Meat Retailing) (MTM20311),95
MTM20411,Certificate II in Meat Processing (Food Services) (MTM20411),86
MTM30107,Certificate III in Meat Processing (Boning Room) (MTM30107),100
MTM30111,Certificate III in Meat Processing (Boning Room) (MTM30111),95
MTM30207,Certificate III in Meat Processing (Food Services) (MTM30207),100
MTM30211,Certificate III in Meat Processing (Food Services) (MTM30211),95
MTM30307,Certificate III in Meat Processing (Meat Safety) (MTM30307),100
MTM30311,Certificate III in Meat Processing (Meat Safety) (MTM30311),95
MTM30407,Certificate III in Meat Processing (Rendering) (MTM30407),100
MTM30411,Certificate III in Meat Processing (Rendering) (MTM30411),95
MTM30507,Certificate III in Meat Processing (Slaughtering) (MTM30507),100
MTM30511,Certificate III in Meat Processing (Slaughtering) (MTM30511),95
MTM30607,Certificate III in Meat Processing (General) (MTM30607),100
MTM30611,Certificate III in Meat Processing (General) (MTM30611),95
MTM30807,Certificate III in Meat Processing (Meat Retailing) (MTM30807),100
MTM30811,Certificate III in Meat Processing (Retail Butcher) (MTM30811),86
MTM30813,Certificate III in Meat Processing (Retail Butcher) (MTM30813),95
MTM30907,Certificate III in Meat Processing (Smallgoods - General) (MTM30907),100
MTM30911,Certificate III in Meat Processing (Smallgoods - General) (MTM30911),95
MTM31007,Certificate III in Meat Processing (Smallgoods - Manufacture) (MTM31007),100
MTM31011,Certificate III in Meat Processing (Smallgoods - Manufacture) (MTM31011),95
MTM40111,Certificate IV in Meat Processing (Leadership) (MTM40111),95
MTM40207,Certificate IV in Meat Processing (Meat Safety) (MTM40207),100
MTM40211,Certificate IV in Meat Processing (Meat Safety) (MTM40211),95
MTM40307,Certificate IV in Meat Processing (Quality Assurance) (MTM40307),100
MTM40311,Certificate IV in Meat Processing (Quality Assurance) (MTM40311),95
MTM40411,Certificate IV in Meat Processing (General) (MTM40411),95
MTM50107,Diploma of Meat Processing (MTM50107),100
MTM50111,Diploma of Meat Processing (MTM50111),95
MTM50207,Diploma of Meat Processing (Meat Retailing) (MTM50207),100
MTM50211,Diploma of Meat Processing (Meat Retailing) (MTM50211),95
MTM60111,Advanced Diploma of Meat Processing (MTM60111),100
NWP10110,Certificate I in Water Sustainability (NWP10110),100
NWP20107,Certificate II in Water Operations (NWP20107),95
NWP20115,Certificate II in Water Industry Operations (NWP20115),100
NWP20119,Certificate II in Water Industry Operations (NWP20119),100
NWP20122,Certificate II in Water Industry Operations (NWP20122),100
NWP30107,Certificate III in Water Operations (NWP30107),95
NWP30215,Certificate III in Water Industry Operations (NWP30215),100
NWP30219,Certificate III in Water Industry Operations (NWP30219),100
NWP30222,Certificate III in Water Industry Operations (NWP30222),100
NWP30315,Certificate III in Water Industry Treatment (NWP30315),100
NWP40107,Certificate IV in Water Operations (NWP40107),95
NWP40120,Certificate IV in Water Industry Operations (NWP40120),100
NWP40515,Certificate IV in Water Industry Operations (NWP40515),100
NWP50107,Diploma of Water Operations (NWP50107),95
PMA20108,Certificate II in Process Plant Operations (PMA20108),80
PMA20113,Certificate II in Process Plant Operations (PMA20113),76
PMA20116,Certificate II in Process Plant Operations (PMA20116),80
PMA30108,Certificate III in Process Plant Operations (PMA30108),86
PMA30116,Certificate III in Process Plant Operations (PMA30116),100
PMA30120,Certificate III in Process Plant Operations (PMA30120),100
PMA40108,Certificate IV in Process Plant Technology (PMA40108),86
PMA40116,Certificate IV in Process Plant Technology (PMA40116),100
PMA50108,Diploma of Process Plant Technology (PMA50108),100
PMA50116,Diploma of Process Plant Technology (PMA50116),100
PMA60108,Advanced Diploma of Process Plant Technology (PMA60108),100
PMASS00008,Offshore crane driver,19
PMB20107,Certificate II in Polymer Processing (PMB20107),95
PMB20116,Certificate II in Polymer Processing (PMB20116),100
PMB20121,Certificate II in Polymer Processing (PMB20121),100
PMB30107,Certificate III in Polymer Processing (PMB30107),95
PMB30116,Certificate III in Polymer Processing (PMB30116),100
PMB30121,Certificate III in Polymer Processing (PMB30121),100
PMB40107,Certificate IV in Polymer Technology (PMB40107),95
PMB40116,Certificate IV in Polymer Technology (PMB40116),100
PMB40121,Certificate IV in Polymer Technology (PMB40121),100
PMB50107,Diploma of Polymer Technology (PMB50107),95
PMB50116,Diploma of Polymer Technology (PMB50116),100
PMB60107,Advanced Diploma of Polymer Technology (PMB60107),100
PMC20110,Certificate II in Manufactured Mineral Products (PMC20110),95
PMC30110,Certificate III in Manufactured Mineral Products (PMC30110),95
PMC30116,Certificate III in Manufactured Mineral Products (PMC30116),100
PMC40110,Certificate IV in Manufactured Mineral Products (PMC40110),67
PMC50110,Diploma of Manufactured Mineral Products (PMC50110),86
PMC60110,Advanced Diploma of Manufactured Mineral Products (PMC60110),95
PPM20116,Certificate II in Pulping Operations (PPM20116),100
PPM20216,Certificate II in Papermaking Operations (PPM20216),100
PPM30116,Certificate III in Pulping Operations (PPM30116),100
PPM30216,Certificate III in Papermaking Operations (PPM30216),100
PPM40116,Certificate IV in Pulping Operations (PPM40116),100
PPM40216,Certificate IV in Papermaking Operations (PPM40216),100
PPM50116,Diploma of Pulp and Paper Process Management (PPM50116),100
PRM10104,Certificate I in Asset Maintenance (Cleaning Operations) (PRM10104),100
PRM20104,Certificate II in Asset Maintenance (Cleaning Operations) (PRM20104),100
PRM20406,Certificate II in Asset Maintenance (Fire Protection Equipment) (PRM20406),100
PRM20509,Certificate II in Asset Maintenance (Waste Management) (PRM20509),100
PRM20604,Certificate II in Asset Maintenance (Carpet Cleaning) (PRM20604),100
PRM30104,Certificate III in Asset Maintenance (Cleaning Operations) (PRM30104),100
PRM30204,Certificate III in Asset Maintenance (Pest Management - Technical) (PRM30204),100
PRM30406,Certificate III in Asset Maintenance (Fire Protection Equipment) (PRM30406),100
PRM30509,Certificate III in Asset Maintenance (Waste Management) (PRM30509),100
PRM30604,Certificate III in Asset Maintenance (Carpet Cleaning) (PRM30604),100
PRM40109,Certificate IV in Asset Maintenance (Cleaning Management) (PRM40109),100
PRM40209,Certificate IV in Asset Maintenance (Pest Management) (PRM40209),100
PRM40509,Certificate IV in Asset Maintenance (Waste Management) (PRM40509),100
PRM40704,Certificate IV in Asset Maintenance (Fire Safety Systems Inspection),100
PSP20104,Certificate II in Government (PSP20104),95
PSP20112,Certificate II in Government (PSP20112),95
PSP20218,Certificate II in Auslan (PSP20218),100
PSP30104,Certificate III in Government (PSP30104),95
PSP30204,Certificate III in Government (Border Protection) (PSP30204),95
PSP30218,Certificate III in Auslan (PSP30218),100
PSP30304,Certificate III in Government (Court Compliance) (PSP30304),95
PSP30404,Certificate III in Government (Land Administration) (PSP30404),95
PSP30504,Certificate III in Government (Security) (PSP30504),95
PSP30604,Certificate III in Government (School Support Services) (PSP30604),95
PSP30704,Certificate III in School Support Services (PSP30704),95
PSP40104,Certificate IV in Government (PSP40104),95
PSP40112,Certificate IV in Government (PSP40112),95
PSP40116,Certificate IV in Government (PSP40116),100
PSP40122,Certificate IV in Government (PSP40122),100
PSP40204,Certificate IV in Government (Border Protection) (PSP40204),95
PSP40304,Certificate IV in Government (Court Compliance) (PSP40304),95
PSP40404,Certificate IV in Government (Court Services) (PSP40404),95
PSP40412,Certificate IV in Government (Court Services) (PSP40412),95
PSP40416,Certificate IV in Government Investigations (Regulatory compliance),100
PSP40504,Certificate IV in Government (Financial Services) (PSP40504),95
PSP40604,Certificate IV in Government (Fraud Control) (PSP40604),95
PSP40616,Certificate IV in Procurement and Contracting (PSP40616),100
PSP40804,Certificate IV in Government (Injury Claims Administration ) (PSP40804),95
PSP40818,Certificate IV in Auslan (PSP40818),100
PSP41004,Certificate IV in Government (Land Administration) (PSP41004),95
PSP41104,Certificate IV in Government (Occupational Health Safety) (PSP41104),95
PSP41204,Certificate IV in Government (Project Management) (PSP41204),95
PSP41212,Certificate IV in Government (Project Management) (PSP41212),95
PSP41404,Certificate IV in Government (Statutory Compliance) (PSP41404),95
PSP41412,Certificate IV in Government (Statutory Compliance) (PSP41412),95
PSP41504,Certificate IV in Government (Investigation) (PSP41504),95
PSP41512,Certificate IV in Government (Investigation) (PSP41512),95
PSP41604,Certificate IV in Government (Security) (PSP41604),95
PSP41704,Certificate IV in Government (Personnel Security) (PSP41704),95
PSP41804,Certificate IV in Government (Road Transport Compliance) (PSP41804),95
PSP41904,Certificate IV in Government (School Support Services) (PSP41904),95
PSP42010,Certificate IV in School Support Services (PSP42010),95
PSP42012,Certificate IV in School Support Services (PSP42012),95
PSP42410,Certificate IV in Government (Procurement and Contracting) (PSP42410),95
PSP42412,Certificate IV in Government (Procurement and Contracting) (PSP42412),95
PSP50104,Diploma of Government (PSP50104),95
PSP50112,Diploma of Government (PSP50112),95
PSP50116,Diploma of Government (Injury management/Workplace inspection/Policy,100
PSP50122,Diploma of Government (PSP50122),100
PSP50416,Diploma of Government Investigations (PSP50416),100
PSP50504,Diploma of Government (Financial Services) (PSP50504),95
PSP50604,Diploma of Government (Fraud Control) (PSP50604),95
PSP50616,Diploma of Procurement and Contracting (PSP50616),100
PSP50704,Diploma of Government (Service Delivery) (PSP50704),95
PSP50804,Diploma of Government (Human Resources) (PSP50804),95
PSP50812,Diploma of Government (Human Resources) (PSP50812),95
PSP50816,Diploma of Translating (PSP50816),100
PSP50904,Diploma of Government (Injury Management (PSP50904),95
PSP50912,Diploma of Government (Injury Management) (PSP50912),95
PSP50916,Diploma of Interpreting (LOTE-English) (PSP50916),100
PSP50922,Diploma of Interpreting (PSP50922),100
PSP51018,Diploma of Auslan (PSP51018),100
PSP51104,Diploma of Government (Management) (PSP51104),95
PSP51112,Diploma of Government (Management) (PSP51112),95
PSP51204,Diploma of Government (Occupational Health Safety) (PSP51204),95
PSP51304,Diploma of Government (Project Management) (PSP51304),95
PSP51312,Diploma of Government (Project Management) (PSP51312),95
PSP51404,Diploma of Government (Policy Development) (PSP51404),95
PSP51412,Diploma of Government (Policy Development) (PSP51412),95
PSP51704,Diploma of Government (Investigation) (PSP51704),95
PSP51712,Diploma of Government (Investigation) (PSP51712),95
PSP51804,Diploma of Government (Security) (PSP51804),95
PSP51904,Diploma of Government (Workplace Inspection) (PSP51904),95
PSP52008,Diploma of Government (Rail Safety Regulation) (PSP52008),95
PSP52310,Diploma of Translating (PSP52310),95
PSP52312,Diploma of Translating (PSP52312),95
PSP52410,Diploma of Interpreting (PSP52410),95
PSP52412,Diploma of Interpreting (PSP52412),95
PSP52510,Diploma of Government (Procurement and Contracting) (PSP52510),95
PSP52512,Diploma of Government (Procurement and Contracting) (PSP52512),95
PSP60104,Advanced Diploma of Government (PSP60104),95
PSP60304,Advanced Diploma of Government (Financial Management) (PSP60304),95
PSP60404,Advanced Diploma of Government (Human Resources) (PSP60404),95
PSP60504,Advanced Diploma of Government (Management) (PSP60504),95
PSP60512,Advanced Diploma of Government (Management) (PSP60512),95
PSP60604,Advanced Diploma of Government (Occupational Health Safety) (PSP60604),95
PSP60816,Advanced Diploma of Translating (PSP60816),100
PSP60904,Advanced Diploma of Government (Workplace Inspection) (PSP60904),95
PSP61010,Advanced Diploma of Translating (PSP61010),95
PSP61012,Advanced Diploma of Translating (PSP61012),95
PSP61110,Advanced Diploma of Interpreting (PSP61110),100
PSPSS00062,Introduction to Translating Skill Set (PSPSS00062),100
PSPSS00063,Introduction to Interpreting Skill Set (PSPSS00063),100
PUA10106,Certificate I in Public Safety (Defence Force Cadets) (PUA10106),100
PUA20110,Certificate II in Public Safety (Aboriginal or Torres Strait Islander Community,100
PUA20200,Certificate II in Public Safety (Aboriginal or Torres Strait Islander Police Liaison),100
PUA20310,Certificate II in Public Safety (Police Liaison) (PUA20310),100
PUA20410,Certificate II in Public Safety (SES Rescue) (PUA20410),100
PUA20510,Certificate II in Public Safety (SES Operations) (PUA20510),100
PUA20601,Certificate II in Public Safety (Firefighting and Emergency Operations),95
PUA20613,Certificate II in Public Safety (Firefighting and Emergency Operations),100
PUA20701,Certificate II in Public Safety (Firefighting Operations) (PUA20701),95
PUA20713,Certificate II in Public Safety (Firefighting Operations) (PUA20713),100
PUA20810,Certificate II in Public Safety (Explosive Ordnance) (PUA20810),100
PUA20910,Certificate II in Public Safety (Communications Operations) (PUA20910),100
PUA21010,Certificate II in Public Safety (Aquatic Rescue) (PUA21010),100
PUA21110,Certificate II in Public Safety (Military Skills) (PUA21110),100
PUA21210,Certificate II in Public Safety (Explosive Ordnance Manufacture) (PUA21210),100
PUA21310,Certificate II in Public Safety (SES) (PUA21310),100
PUA21312,Certificate II in Public Safety (SES) (PUA21312),100
PUA30410,Certificate III in Public Safety (SES Rescue) (PUA30410),100
PUA31310,Certificate III in Public Safety (Aquatic Search and Rescue) (PUA31310),100
PUA41004,Certificate IV in Public Safety (Leadership) (PUA41004),100
PUA41012,Certificate IV in Public Safety (Leadership) (PUA41012),100
PUA50904,Diploma of Public Safety (Search and Rescue - Coordination) (PUA50904),100
PUA51004,Diploma of Public Safety (Community Safety) (PUA51004),100
PUA51709,Diploma of Public Safety (Test and Evaluation) (PUA51709),100
PUA60110,Advanced Diploma of Public Safety (Emergency Management) (PUA60110),100
PUA60604,Advanced Diploma of Public Safety (Search and Rescue - Management),100
PUA60704,Advanced Diploma of Public Safety (Community Safety) (PUA60704),100
RGR10108,Certificate I in Racing (Stablehand) (RGR10108),100
RGR20108,Certificate II in Racing (Stablehand) (RGR20108),100
RGR20117,Certificate II in Racing (Greyhound) (RGR20117),100
RGR20208,Certificate II in Racing (Kennelhand) (RGR20208),95
RGR20213,Certificate II in Racing (Greyhound) (RGR20213),100
RGR20218,Certificate II in Racing Industry (RGR20218),100
RGR20221,Certificate II in Racing Industry (RGR20221),100
RGR20308,Certificate II in Racing Services (Racing Administration) (RGR20308),100
RGR20408,Certificate II in Racing Services (Track Maintenance) (RGR20408),100
RGR30108,Certificate III in Racing (Trackrider) (RGR30108),100
RGR30208,Certificate III in Racing (Advanced Stablehand) (RGR30208),100
RGR30218,Certificate III in Racing (Stablehand) (RGR30218),100
RGR30308,Certificate III in Racing Services (Racing Administration) (RGR30308),100
RGR30408,Certificate III in Racing Services (Cadet Steward) (RGR30408),100
RGR30418,Certificate III in Racing Services (RGR30418),100
RGR30518,Certificate III in Racing (Trackwork Rider) (RGR30518),100
RGR30619,Certificate III in Horse Breeding (RGR30619),100
RGR40108,Certificate IV in Racing (Racehorse Trainer) (RGR40108),100
RGR40118,Certificate IV in Racing (Racehorse Trainer) (RGR40118),100
RGR40208,Certificate IV in Racing (Jockey) (RGR40208),100
RGR40218,Certificate IV in Racing (Jockey) (RGR40218),100
RGR40221,Certificate IV in Racing (Jockey) (RGR40221),100
RGR40308,Certificate IV in Racing (Harness Race Driver) (RGR40308),100
RGR40318,Certificate IV in Racing (Harness Race Driver) (RGR40318),100
RGR40518,Certificate IV in Racing Integrity (RGR40518),100
RGR40608,Certificate IV in Racing Services (Steward) (RGR40608),100
RGR50108,Diploma of Racing (Racehorse Trainer) (RGR50108),100
RGR50118,Diploma of Racing (Racehorse Trainer) (RGR50118),100
RGR50218,Diploma of Racing Integrity Management (RGR50218),100
RGR50308,Diploma of Racing Services (Steward) (RGR50308),100
RGRSS00058,Turf Race Track Curator Skill Set (RGRSS00058),100
RII10109,Certificate I in Resources and Infrastructure Operations (RII10109),86
RII20109,Certificate II in Resources and Infrastructure Work Preparation (RII20109),76
RII20113,Certificate II in Resources and Infrastructure Work Preparation (RII20113),76
RII20115,Certificate II in Resources and Infrastructure Work Preparation (RII20115),80
RII20120,Certificate II in Resources and Infrastructure Work Preparation (RII20120),80
RII20209,Certificate II in Surface Extraction Operations (RII20209),76
RII20213,Certificate II in Surface Extraction Operations (RII20213),76
RII20215,Certificate II in Surface Extraction Operations (RII20215),80
RII20220,Certificate II in Surface Extraction Operations (RII20220),80
RII20309,Certificate II in Underground Coal Mining (RII20309),95
RII20313,Certificate II in Underground Coal Mining (RII20313),95
RII20315,Certificate II in Underground Coal Mining (RII20315),100
RII20409,Certificate II in Underground Metalliferous Mining (RII20409),95
RII20413,Certificate II in Underground Metalliferous Mining (RII20413),95
RII20415,Certificate II in Underground Metalliferous Mining (RII20415),100
RII20420,Certificate II in Underground Metalliferous Mining (RII20420),100
RII20509,Certificate II in Resource Processing (RII20509),95
RII20513,Certificate II in Resource Processing (RII20513),95
RII20515,Certificate II in Resource Processing (RII20515),100
RII20609,Certificate II in Mining Field/Exploration Operations (RII20609),95
RII20709,Certificate II in Civil Construction (RII20709),120
RII20712,Certificate II in Civil Construction (RII20712),114
RII20713,Certificate II in Civil Construction (RII20713),114
RII20715,Certificate II in Civil Construction (RII20715),120
RII20720,Certificate II in Civil Construction (RII20720),120
RII20809,Certificate II in Bituminous Surfacing (RII20809),80
RII20909,Certificate II in Drilling Operations (RII20909),95
RII20913,Certificate II in Drilling Operations (RII20913),95
RII20915,Certificate II in Drilling Operations (RII20915),100
RII20920,Certificate II in Drilling Operations (RII20920),100
RII21009,Certificate II in Drilling Oil/Gas (Off shore) (RII21009),95
RII21109,Certificate II in Drilling Oil/Gas (On shore) (RII21109),95
RII21113,Certificate II in Drilling Oil/Gas (On shore) (RII21113),95
RII21115,Certificate II in Drilling Oil/Gas (On shore) (RII21115),100
RII30109,Certificate III in Surface Extraction Operations (RII30109),100
RII30111,Certificate III in Surface Extraction Operations (RII30111),100
RII30112,Certificate III in Surface Extraction Operations (RII30112),67
RII30113,Certificate III in Surface Extraction Operations (RII30113),95
RII30115,Certificate III in Surface Extraction Operations (RII30115),100
RII30120,Certificate III in Surface Extraction Operations (RII30120),100
RII30209,Certificate III in Underground Coal Operations (RII30209),100
RII30309,Certificate III in Underground Metalliferous Mining (RII30309),100
RII30311,Certificate III in Underground Metalliferous Mining (RII30311),67
RII30313,Certificate III in Underground Metalliferous Mining (RII30313),95
RII30315,Certificate III in Underground Metalliferous Mining (RII30315),100
RII30320,Certificate III in Underground Metalliferous Mining (RII30320),100
RII30409,Certificate III in Resource Processing (RII30409),100
RII30411,Certificate III in Resource Processing (RII30411),86
RII30413,Certificate III in Resource Processing (RII30413),95
RII30415,Certificate III in Resource Processing (RII30415),100
RII30420,Certificate III in Resource Processing (RII30420),100
RII30509,Certificate III in Mining Exploration (RII30509),86
RII30513,Certificate III in Mining Exploration (RII30513),95
RII30515,Certificate III in Mining Exploration (RII30515),100
RII30611,Certificate III in Small Mining Operations (RII30611),95
RII30709,Certificate III in Mine Emergency Response and Rescue (RII30709),67
RII30713,Certificate III in Mine Emergency Response and Rescue (RII30713),95
RII30715,Certificate III in Mine Emergency Response and Rescue (RII30715),100
RII30719,Certificate III in Emergency Response and Rescue (RII30719),100
RII30809,Certificate III in Civil Construction Plant Operations (RII30809),98
RII30813,Certificate III in Civil Construction Plant Operations (RII30813),109
RII30815,Certificate III in Civil Construction Plant Operations (RII30815),115
RII30820,Certificate III in Civil Construction Plant Operations (RII30820),115
RII30909,Certificate III in Civil Construction (RII30909),120
RII30912,Certificate III in Civil Construction (RII30912),80
RII30913,Certificate III in Civil Construction (RII30913),114
RII30915,Certificate III in Civil Construction (RII30915),120
RII30919,Certificate III in Civil Construction (RII30919),120
RII30920,Certificate III in Civil Construction (RII30920),120
RII31009,Certificate III in Bituminous Surfacing (RII31009),115
RII31109,Certificate III in Bridge Construction and Maintenance (RII31109),100
RII31209,Certificate III in Civil Foundations (RII31209),100
RII31309,Certificate III in Pipe Laying (RII31309),125
RII31409,Certificate III in Road Construction and Maintenance (RII31409),120
RII31509,Certificate III in Road Marking (RII31509),100
RII31609,Certificate III in Trenchless Technology (RII31609),100
RII31709,Certificate III in Tunnel Construction (RII31709),100
RII31809,Certificate III in Drilling Operations (RII31809),86
RII31813,Certificate III in Drilling Operations (RII31813),95
RII31815,Certificate III in Drilling Operations (RII31815),100
RII31820,Certificate III in Drilling Operations (RII31820),100
RII31909,Certificate III in Drilling Oil/Gas (Off shore) (RII31909),95
RII32009,Certificate III in Drilling Oil/Gas (On shore) (RII32009),86
RII32013,Certificate III in Drilling Oil/Gas (On shore) (RII32013),95
RII32015,Certificate III in Drilling Oil/Gas (On shore) (RII32015),100
RII32018,Certificate III in Drilling Oil/Gas (Onshore) (RII32018),100
RII32020,Certificate III in Drilling Oil & Gas (Onshore) (RII32020),100
RII32109,Certificate III in Timber Bridge Construction and Maintenance (RII32109),100
RII32213,Certificate III in Well Servicing Operations (RII32213),95
RII32215,Certificate III in Well Servicing Operations (RII32215),100
RII40109,Certificate IV in Surface Extraction Operations (RII40109),67
RII40113,Certificate IV in Surface Extraction Operations (RII40113),95
RII40115,Certificate IV in Surface Extraction Operations (RII40115),100
RII40120,Certificate IV in Surface Extraction Operations (RII40120),100
RII40209,Certificate IV in Surface Coal Mining (Open Cut Examiner) (RII40209),100
RII40311,Certificate IV in Metalliferous Mining Operations (Underground) (RII40311),86
RII40313,Certificate IV in Metalliferous Mining Operations (Underground) (RII40313),95
RII40315,Certificate IV in Metalliferous Mining Operations (Underground) (RII40315),100
RII40320,Certificate IV in Underground Metalliferous Mining Operations (RII40320),100
RII40411,Certificate IV in Underground Coal Operations (RII40411),100
RII40509,Certificate IV in Resource Processing (RII40509),86
RII40513,Certificate IV in Resource Processing (RII40513),95
RII40515,Certificate IV in Resource Processing (RII40515),100
RII40520,Certificate IV in Resource Processing (RII40520),100
RII40609,Certificate IV in Civil Construction Operations (RII40609),86
RII40613,Certificate IV in Civil Construction Operations (RII40613),95
RII40615,Certificate IV in Civil Construction Operations (RII40615),100
RII40709,Certificate IV in Civil Construction Supervision (RII40709),100
RII40712,Certificate IV in Civil Construction Supervision (RII40712),86
RII40713,Certificate IV in Civil Construction Supervision (RII40713),95
RII40715,Certificate IV in Civil Construction Supervision (RII40715),100
RII40720,Certificate IV in Civil Construction (RII40720),100
RII40809,Certificate IV in Civil Construction Design (RII40809),100
RII40909,Certificate IV in Drilling Operations (RII40909),86
RII40913,Certificate IV in Drilling Operations (RII40913),86
RII41009,Certificate IV in Drilling Oil/Gas (Off shore) (RII41009),95
RII41109,Certificate IV in Drilling Oil/Gas (On shore) (RII41109),86
RII41113,Certificate IV in Drilling Oil & Gas (On shore) (RII41113),95
RII41115,Certificate IV in Drilling Oil & Gas (On shore) (RII41115),100
RII41213,Certificate IV in Well Servicing Operations (RII41213),95
RII41215,Certificate IV in Well Servicing Operations (RII41215),100
RII50109,Diploma of Surface Operations Management (RII50109),86
RII50113,Diploma of Surface Operations Management (RII50113),95
RII50115,Diploma of Surface Operations Management (RII50115),100
RII50120,Diploma of Surface Operations Management (RII50120),100
RII50209,Diploma of Underground Metalliferous Mining Management (RII50209),86
RII50213,Diploma of Underground Metalliferous Mining Management (RII50213),95
RII50215,Diploma of Underground Metalliferous Mining Management (RII50215),100
RII50309,Diploma of Minerals Processing (RII50309),95
RII50315,Diploma of Minerals Processing (RII50315),100
RII50409,Diploma of Civil Construction Management (RII50409),100
RII50509,Diploma of Civil Construction Design (RII50509),100
RII50515,Diploma of Civil Construction Design (RII50515),100
RII50520,Diploma of Civil Construction Design (RII50520),100
RII50609,Diploma of Drilling Operations (RII50609),86
RII50613,Diploma of Drilling Operations (RII50613),95
RII50615,Diploma of Drilling Operations (RII50615),100
RII50709,Diploma of Drilling Oil/Gas (Off shore) (RII50709),95
RII50809,Diploma of Drilling Oil/Gas (On shore) (RII50809),86
RII50813,Diploma of Drilling Oil & Gas (On shore) (RII50813),95
RII50815,Diploma of Drilling Oil & Gas (On shore) (RII50815),100
RII50909,Diploma of Underground Coal Mining Management (RII50909),100
RII60109,Advanced Diploma of Metalliferous Mining (RII60109),95
RII60209,Advanced Diploma of Extractive Industries Management (RII60209),95
RII60309,Advanced Diploma of Underground Coal Mining Management (RII60309),100
RII60409,Advanced Diploma of Drilling Management (RII60409),95
RII60509,Advanced Diploma of Civil Construction Design (RII60509),100
RII60609,Advanced Diploma of Civil Construction (RII60609),100
RII60709,Advanced Diploma of Surface Coal Mining Management (RII60709),95
RTD20102,Certificate II in Conservation and Land Management (RTD20102),85
RTD30102,Certificate III in Conservation and Land Management (RTD30102),100
RTD40102,Certificate IV in Conservation and Land Management (RTD40102),100
RTD50102,Diploma of Conservation and Land Management (RTD50102),100
RTE10103,Certificate I in Rural Operations (RTE10103),90
RTE20103,Certificate II in Agriculture (RTE20103),80
RTE20303,Certificate II in Wool Handling (RTE20303),95
RTE20403,Certificate II in Shearing (RTE20403),90
RTE20603,Certificate II in Production Horticulture (RTE20603),85
RTE20703,Certificate II in Rural Operations (RTE20703),80
RTE30103,Certificate III in Agriculture (RTE30103),100
RTE30203,Certificate III in Agriculture (Beef Production) (RTE30203),100
RTE30403,Certificate III in Agriculture (Dairy Production) (RTE30403),100
RTE31303,Certificate III in Irrigation (RTE31303),100
RTE31403,Certificate III in Wool Clip Preparation (RTE31403),100
RTE31503,Certificate III in Shearing (RTE31503),100
RTE31603,Certificate III in Production Horticulture (RTE31603),100
RTE31803,Certificate III in Rural Merchandising (RTE31803),100
RTE31903,Certificate III in Rural Operations (RTE31903),100
RTE32003,Certificate III in Advanced Wool Handling (RTE32003),100
RTE40103,Certificate IV in Agriculture (RTE40103),100
RTE40203,Certificate IV in Irrigation (RTE40203),100
RTE40303,Certificate IV in Wool Classing (RTE40303),100
RTE50103,Diploma of Agriculture (RTE50103),100
RTE50203,Diploma of Irrigation (RTE50203),100
RTE60103,Advanced Diploma of Agriculture (RTE60103),100
RTF20103,Certificate II in Horticulture (RTF20103),95
RTF20803,Certificate II in Horticulture (Turf) (RTF20803),80
RTF30103,Certificate III in Horticulture (RTF30103),100
RTF30203,Certificate III in Horticulture (Arboriculture) (RTF30203),100
RTF30403,Certificate III in Horticulture (Landscape) (RTF30403),100
RTF30803,Certificate III in Horticulture (Turf) (RTF30803),100
RTF40103,Certificate IV in Horticulture (RTF40103),50
RTF40203,Certificate IV in Horticulture (Arboriculture) (RTF40203),100
RTF40403,Certificate IV in Horticulture (Landscape) (RTF40403),100
RTF40803,Certificate IV in Horticulture (Turf) (RTF40803),100
RTF50103,Diploma of Horticulture (RTF50103),100
RTF50203,Diploma of Horticulture (Arboriculture) (RTF50203),100
RTF60103,Advanced Diploma of Horticulture (RTF60103),100
RUV10104,Certificate I in Animal Studies (RUV10104),90
RUV20104,Certificate II in Animal Studies (RUV20104),100
RUV30204,Certificate III in Captive Animals (RUV30204),100
RUV40404,Certificate IV in Veterinary Nursing (RUV40404),100
RUV50104,Diploma of Animal Technology (RUV50104),100
RUV50404,Diploma of Veterinary Nursing (Emergency and Critical Care) (RUV50404),100
SFI10111,Certificate I in Aquaculture (SFI10111),99
SFI10211,Certificate I in Fishing Operations (SFI10211),99
SFI10511,Certificate I in Seafood Processing (SFI10511),90
SFI20104,Certificate II in Seafood Industry (Aquaculture) (SFI20104),90
SFI20111,Certificate II in Aquaculture (SFI20111),99
SFI20119,Certificate II in Aquaculture (SFI20119),99
SFI20211,Certificate II in Fishing Operations (SFI20211),99
SFI20219,Certificate II in Fishing Operations (SFI20219),99
SFI20319,Certificate II in Seafood Post Harvest Operations (SFI20319),100
SFI20411,Certificate II in Fisheries Compliance Support (SFI20411),90
SFI20419,Certificate II in Fisheries Compliance Support (SFI20419),90
SFI20511,Certificate II in Seafood Processing (SFI20511),100
SFI20611,Certificate II in Seafood Industry (Sales and Distribution) (SFI20611),90
SFI30104,Certificate III in Seafood Industry (Aquaculture) (SFI30104),100
SFI30111,Certificate III in Aquaculture (SFI30111),109
SFI30119,Certificate III in Aquaculture (SFI30119),109
SFI30211,Certificate III in Fishing Operations (SFI30211),109
SFI30219,Certificate III in Fishing Operations (SFI30219),109
SFI30311,Certificate III in Seafood Industry (Environmental Management Support),100
SFI30319,Certificate III in Seafood Post Harvest Operations (SFI30319),100
SFI30411,Certificate III in Fisheries Compliance (SFI30411),109
SFI30419,Certificate III in Fisheries Compliance (SFI30419),109
SFI30511,Certificate III in Seafood Processing (SFI30511),100
SFI30611,Certificate III in Seafood Industry (Sales and Distribution) (SFI30611),100
SFI31204,Certificate III in Seafood Industry (Fishing Operations) (SFI31204),109
SFI40111,Certificate IV in Aquaculture (SFI40111),100
SFI40119,Certificate IV in Aquaculture (SFI40119),100
SFI40211,Certificate IV in Fishing Operations (SFI40211),100
SFI40219,Certificate IV in Seafood Post Harvest Operations (SFI40219),100
SFI40311,Certificate IV in Seafood Industry (Environmental Management) (SFI40311),100
SFI40319,Certificate IV in Fisheries Compliance (SFI40319),100
SFI40411,Certificate IV in Fisheries Compliance (SFI40411),100
SFI40511,Certificate IV in Seafood Processing (SFI40511),100
SFI40611,Certificate IV in Seafood Industry Sales and Distribution (SFI40611),100
SFI50111,Diploma of Aquaculture (SFI50111),100
SFI50119,Diploma of Aquaculture (SFI50119),100
SFI50211,Diploma of Fishing Operations (SFI50211),100
SFI50219,Diploma of Fisheries Compliance (SFI50219),100
SFI50411,Diploma of Fisheries Compliance (SFI50411),100
SFI50511,Diploma of Seafood Processing (SFI50511),100
SFL20110,Certificate II in Floristry (Assistant) (SFL20110),95
SFL20115,Certificate II in Floristry (Assistant) (SFL20115),100
SFL20125,Certificate II in Floristry (Assistant) (SFL20125),100
SFL30110,Certificate III in Floristry (SFL30110),95
SFL30115,Certificate III in Floristry (SFL30115),100
SFL40110,Certificate IV in Floristry (SFL40110),95
SFL40115,Certificate IV in Floristry (SFL40115),100
SHB20116,Certificate II in Retail Cosmetics (SHB20116),100
SHB20121,Certificate II in Retail Cosmetics (SHB20121),100
SHB20216,Certificate II in Salon Assistant (SHB20216),110
SHB30115,Certificate III in Beauty Services (SHB30115),100
SHB30121,Certificate III in Beauty Services (SHB30121),100
SHB30215,Certificate III in Make-Up (SHB30215),100
SHB30221,Certificate III in Make-Up (SHB30221),100
SHB30315,Certificate III in Nail Technology (SHB30315),100
SHB30321,Certificate III in Nail Technology (SHB30321),100
SHB30416,Certificate III in Hairdressing (SHB30416),110
SHB30516,Certificate III in Barbering (SHB30516),110
SHB40115,Certificate IV in Beauty Therapy (SHB40115),100
SHB40216,Certificate IV in Hairdressing (SHB40216),100
SHB50115,Diploma of Beauty Therapy (SHB50115),100
SHB50121,Diploma of Beauty Therapy (SHB50121),100
SHB50216,Diploma of Salon Management (SHB50216),100
SIB20110,Certificate II in Retail Make-Up and Skin Care (SIB20110),95
SIB20210,Certificate II in Nail Technology (SIB20210),95
SIB30110,Certificate III in Beauty Services (SIB30110),95
SIB40110,Certificate IV in Beauty Therapy (SIB40110),95
SIB50110,Diploma of Beauty Therapy (SIB50110),95
SIB50210,Diploma of Salon Management (SIB50210),48
SIF20108,Certificate II in Funeral Operations (SIF20108),95
SIF30108,Certificate III in Cemetery and Crematorium Operations (SIF30108),100
SIF30208,"Certificate III in Gravedigging, Grounds and Maintenance (SIF30208)",100
SIF30308,Certificate III in Funeral Operations (SIF30308),67
SIF40108,Certificate IV in Funeral Services (SIF40108),67
SIF40208,Certificate IV in Embalming (SIF40208),100
SIF50108,Diploma of Mortuary Management (SIF50108),100
SIH20111,Certificate II in Hairdressing (SIH20111),95
SIH30111,Certificate III in Hairdressing (SIH30111),95
SIH40111,Certificate IV in Hairdressing (SIH40111),95
SIR10107,Certificate I in Retail Services (SIR10107),100
SIR10112,Certificate I in Retail Services (SIR10112),95
SIR20107,Certificate II in Community Pharmacy (SIR20107),100
SIR20112,Certificate II in Community Pharmacy (SIR20112),95
SIR20116,Certificate II in Community Pharmacy (SIR20116),100
SIR20207,Certificate II in Retail (SIR20207),70
SIR20212,Certificate II in Retail Services (SIR20212),67
SIR20216,Certificate II in Retail Services (SIR20216),100
SIR20307,Certificate II in Wholesale (SIR20307),100
SIR30107,Certificate III in Community Pharmacy (SIR30107),100
SIR30112,Certificate III in Community Pharmacy (SIR30112),95
SIR30116,Certificate III in Community Pharmacy (SIR30116),100
SIR30207,Certificate III in Retail (SIR30207),50
SIR30212,Certificate III in Retail Operations (SIR30212),95
SIR30216,Certificate III in Retail (SIR30216),100
SIR30307,Certificate III in Wholesale (SIR30307),100
SIR30312,Certificate III in Retail Supervision (SIR30312),95
SIR30316,Certificate III in Business to Business Sales (SIR30316),100
SIR40107,Certificate IV in Community Pharmacy (SIR40107),100
SIR40112,Certificate IV in Community Pharmacy (SIR40112),95
SIR40116,Certificate IV in Community Pharmacy (SIR40116),100
SIR40207,Certificate IV in Retail Management (SIR40207),100
SIR40212,Certificate IV in Retail Management (SIR40212),95
SIR40316,Certificate IV in Retail Management (SIR40316),100
SIR50107,Diploma of Retail Management (SIR50107),100
SIR50112,Diploma of Retail Management (SIR50112),95
SIR50116,Diploma of Retail Leadership (SIR50116),100
SIR50207,Diploma of Visual Merchandising (SIR50207),100
SIR50212,Diploma of Visual Merchandising (SIR50212),100
SIRSS00022,"Manage disrespectful, aggressive or abusive customers Skill Set (SIRSS00022)",100
SIS10110,Certificate I in Sport and Recreation (SIS10110),95
SIS20110,Certificate II in Community Activities (SIS20110),95
SIS20113,Certificate II in Community Activities (SIS20113),95
SIS20115,Certificate II in Sport and Recreation (SIS20115),100
SIS20122,Certificate II in Sport and Recreation (SIS20122),100
SIS20210,Certificate II in Outdoor Recreation (SIS20210),95
SIS20213,Certificate II in Outdoor Recreation (SIS20213),100
SIS20219,Certificate II in Sport - Developing Athlete (SIS20219),100
SIS20221,Certificate II in Sport - Developing Athlete (SIS20221),100
SIS20310,Certificate II in Sport and Recreation (SIS20310),95
SIS20312,Certificate II in Sport and Recreation (SIS20312),95
SIS20313,Certificate II in Sport and Recreation (SIS20313),95
SIS20410,Certificate II in Sport Career Oriented Participation (SIS20410),95
SIS20412,Certificate II in Sport Career Oriented Participation (SIS20412),100
SIS20419,Certificate II in Outdoor Recreation (SIS20419),100
SIS20510,Certificate II in Sport Coaching (SIS20510),95
SIS20512,Certificate II in Sport Coaching (SIS20512),95
SIS20513,Certificate II in Sport Coaching (SIS20513),100
SIS30110,Certificate III in Aquatics (SIS30110),67
SIS30113,Certificate III in Aquatics (SIS30113),95
SIS30115,Certificate III in Sport and Recreation (SIS30115),100
SIS30122,"Certificate III in Sport, Aquatics and Recreation (SIS30122)",100
SIS30210,Certificate III in Community Activity Programs (SIS30210),48
SIS30213,Certificate III in Community Activity Programs (SIS30213),48
SIS30310,Certificate III in Fitness (SIS30310),48
SIS30313,Certificate III in Fitness (SIS30313),48
SIS30315,Certificate III in Fitness (SIS30315),100
SIS30321,Certificate III in Fitness (SIS30321),100
SIS30410,Certificate III in Outdoor Recreation (SIS30410),19
SIS30413,Certificate III in Outdoor Recreation (SIS30413),100
SIS30419,Certificate III in Sport - Athlete (SIS30419),100
SIS30421,Certificate III in Sport - Athlete (SIS30421),100
SIS30510,Certificate III in Sport and Recreation (SIS30510),67
SIS30512,Certificate III in Sport and Recreation (SIS30512),67
SIS30513,Certificate III in Sport and Recreation (SIS30513),95
SIS30519,Certificate III in Sport Coaching (SIS30519),100
SIS30521,Certificate III in Sport Coaching (SIS30521),100
SIS30610,Certificate III in Sport Career Oriented Participation (SIS30610),67
SIS30612,Certificate III in Sport Career Oriented Participation (SIS30612),67
SIS30613,Certificate III in Sport Career Oriented Participation (SIS30613),100
SIS30619,Certificate III in Outdoor Leadership (SIS30619),100
SIS30710,Certificate III in Sport Coaching (SIS30710),67
SIS30712,Certificate III in Sport Coaching (SIS30712),95
SIS30713,Certificate III in Sport Coaching (SIS30713),100
SIS30813,Certificate III in Sports Trainer (SIS30813),100
SIS31015,Certificate III in Aquatics and Community Recreation (SIS31015),100
SIS40110,Certificate IV in Community Recreation (SIS40110),48
SIS40113,Certificate IV in Community Recreation (SIS40113),48
SIS40115,Certificate IV in Sport and Recreation (SIS40115),100
SIS40122,"Certificate IV in Sport, Aquatics and Recreation (SIS40122)",100
SIS40210,Certificate IV in Fitness (SIS40210),95
SIS40215,Certificate IV in Fitness (SIS40215),100
SIS40221,Certificate IV in Fitness (SIS40221),100
SIS40310,Certificate IV in Outdoor Recreation (SIS40310),19
SIS40313,Certificate IV in Outdoor Recreation (SIS40313),100
SIS40319,Certificate IV in Sport Coaching (SIS40319),100
SIS40321,Certificate IV in Sport Coaching (SIS40321),100
SIS40410,Certificate IV in Sport and Recreation (SIS40410),67
SIS40412,Certificate IV in Sport and Recreation (SIS40412),95
SIS40419,Certificate IV in Sport Development (SIS40419),100
SIS40421,Certificate IV in Sport Development (SIS40421),100
SIS40510,Certificate IV in Sport Coaching (SIS40510),67
SIS40512,Certificate IV in Sport Coaching (SIS40512),100
SIS40610,Certificate IV in Sport Development (SIS40610),67
SIS40612,Certificate IV in Sport Development (SIS40612),100
SIS40619,Certificate IV in Outdoor Leadership (SIS40619),100
SIS40621,Certificate IV in Outdoor Leadership (SIS40621),100
SIS50110,Diploma of Facility Management (SIS50110),86
SIS50115,Diploma of Sport and Recreation Management (SIS50115),100
SIS50122,"Diploma of Sport, Aquatics and Recreation Management (SIS50122)",100
SIS50210,Diploma of Fitness (SIS50210),48
SIS50213,Diploma of Fitness (SIS50213),95
SIS50215,Diploma of Fitness (SIS50215),100
SIS50310,Diploma of Outdoor Recreation (SIS50310),100
SIS50319,Diploma of Sport (SIS50319),100
SIS50410,Diploma of Sport and Recreation Administration (SIS50410),67
SIS50419,Diploma of Outdoor Leadership (SIS50419),100
SIS50421,Diploma of Outdoor Leadership (SIS50421),100
SIS50512,Diploma of Sport Coaching (SIS50512),100
SIS50610,Diploma of Sport Development (SIS50610),67
SIS50612,Diploma of Sport Development (SIS50612),100
SIS50712,Diploma of Sport and Recreation Management (SIS50712),95
SIT10107,Certificate I in Tourism (Australian Indigenous Culture) (SIT10107),95
SIT10207,Certificate I in Hospitality (SIT10207),67
SIT10212,Certificate I in Hospitality (SIT10212),67
SIT10213,Certificate I in Hospitality (SIT10213),67
SIT10307,Certificate I in Hospitality (Kitchen Operations) (SIT10307),95
SIT20107,Certificate II in Tourism (SIT20107),95
SIT20112,Certificate II in Tourism (SIT20112),95
SIT20116,Certificate II in Tourism (SIT20116),100
SIT20207,Certificate II in Hospitality (SIT20207),67
SIT20212,Certificate II in Hospitality (SIT20212),67
SIT20213,Certificate II in Hospitality (SIT20213),67
SIT20216,Certificate II in Holiday Parks and Resorts (SIT20216),100
SIT20307,Certificate II in Hospitality (Kitchen Operations) (SIT20307),67
SIT20312,Certificate II in Kitchen Operations (SIT20312),67
SIT20316,Certificate II in Hospitality (SIT20316),100
SIT20322,Certificate II in Hospitality (SIT20322),100
SIT20407,Certificate II in Hospitality (Asian Cookery) (SIT20407),95
SIT20412,Certificate II in Asian Cookery (SIT20412),95
SIT20416,Certificate II in Kitchen Operations (SIT20416),100
SIT20421,Certificate II in Cookery (SIT20421),100
SIT20509,Certificate II in Holiday Parks and Resorts (SIT20509),95
SIT20512,Certificate II in Holiday Parks and Resorts (SIT20512),95
SIT20516,Certificate II in Asian Cookery (SIT20516),100
SIT30107,Certificate III in Tourism (SIT30107),95
SIT30112,Certificate III in Tourism (SIT30112),95
SIT30116,Certificate III in Tourism (SIT30116),100
SIT30122,Certificate III in Tourism (SIT30122),100
SIT30125,Certificate III in Tourism (SIT30125),100
SIT30207,Certificate III in Tourism (Retail Travel Sales) (SIT30207),100
SIT30212,Certificate III in Travel (SIT30212),95
SIT30216,Certificate III in Travel (SIT30216),100
SIT30222,Certificate III in Travel (SIT30222),100
SIT30307,Certificate III in Tourism (Tour Wholesaling) (SIT30307),100
SIT30316,Certificate III in Guiding (SIT30316),100
SIT30407,Certificate III in Tourism (Visitor Information Services) (SIT30407),95
SIT30416,Certificate III in Holiday Parks and Resorts (SIT30416),100
SIT30507,Certificate III in Tourism (Guiding) (SIT30507),95
SIT30512,Certificate III in Guiding (SIT30512),67
SIT30513,Certificate III in Guiding (SIT30513),95
SIT30516,Certificate III in Events (SIT30516),100
SIT30522,Certificate III in Events (SIT30522),100
SIT30607,Certificate III in Events (SIT30607),95
SIT30612,Certificate III in Events (SIT30612),95
SIT30616,Certificate III in Hospitality (SIT30616),100
SIT30622,Certificate III in Hospitality (SIT30622),100
SIT30707,Certificate III in Hospitality (SIT30707),48
SIT30712,Certificate III in Hospitality (SIT30712),48
SIT30713,Certificate III in Hospitality (SIT30713),95
SIT30807,Certificate III in Hospitality (Commercial Cookery) (SIT30807),95
SIT30812,Certificate III in Commercial Cookery (SIT30812),86
SIT30813,Certificate III in Commercial Cookery (SIT30813),95
SIT30816,Certificate III in Commercial Cookery (SIT30816),100
SIT30821,Certificate III in Commercial Cookery (SIT30821),100
SIT30907,Certificate III in Hospitality (Asian Cookery) (SIT30907),95
SIT30912,Certificate III in Asian Cookery (SIT30912),67
SIT30913,Certificate III in Asian Cookery (SIT30913),67
SIT30916,Certificate III in Catering Operations (SIT30916),100
SIT31007,Certificate III in Hospitality (Catering Operations) (SIT31007),95
SIT31012,Certificate III in Catering Operations (SIT31012),67
SIT31013,Certificate III in Catering Operations (SIT31013),95
SIT31016,Certificate III in Patisserie (SIT31016),100
SIT31021,Certificate III in Patisserie (SIT31021),100
SIT31107,Certificate III in Hospitality (Patisserie) (SIT31107),95
SIT31112,Certificate III in Patisserie (SIT31112),67
SIT31113,Certificate III in Patisserie (SIT31113),95
SIT31209,Certificate III in Holiday Parks and Resorts (SIT31209),95
SIT31212,Certificate III in Holiday Parks and Resorts (SIT31212),95
SIT31312,Certificate III in Travel (SIT31312),95
SIT40107,Certificate IV in Tourism (Guiding) (SIT40107),95
SIT40112,Certificate IV in Guiding (SIT40112),67
SIT40116,Certificate IV in Travel and Tourism (SIT40116),100
SIT40122,Certificate IV in Travel and Tourism (SIT40122),100
SIT40125,Certificate IV in Travel and Tourism (SIT40125),100
SIT40207,Certificate IV in Tourism (SIT40207),95
SIT40212,Certificate IV in Travel and Tourism (SIT40212),95
SIT40307,Certificate IV in Hospitality (SIT40307),48
SIT40312,Certificate IV in Hospitality (SIT40312),48
SIT40313,Certificate IV in Hospitality (SIT40313),95
SIT40316,Certificate IV in Holiday Parks and Resorts (SIT40316),100
SIT40407,Certificate IV in Hospitality (Commercial Cookery) (SIT40407),95
SIT40412,Certificate IV in Commercial Cookery (SIT40412),67
SIT40413,Certificate IV in Commercial Cookery (SIT40413),95
SIT40416,Certificate IV in Hospitality (SIT40416),100
SIT40422,Certificate IV in Hospitality (SIT40422),100
SIT40507,Certificate IV in Hospitality (Asian Cookery) (SIT40507),100
SIT40516,Certificate IV in Commercial Cookery (SIT40516),100
SIT40521,Certificate IV in Kitchen Management (SIT40521),100
SIT40607,Certificate IV in Hospitality (Catering Operations) (SIT40607),100
SIT40707,Certificate IV in Hospitality (Patisserie) (SIT40707),95
SIT40712,Certificate IV in Patisserie (SIT40712),67
SIT40713,Certificate IV in Patisserie (SIT40713),95
SIT40716,Certificate IV in Patisserie (SIT40716),100
SIT40721,Certificate IV in Patisserie (SIT40721),100
SIT40809,Certificate IV in Holiday Parks and Resorts (SIT40809),95
SIT40812,Certificate IV in Holiday Parks and Resorts (SIT40812),95
SIT50107,Diploma of Tourism (SIT50107),95
SIT50112,Diploma of Travel and Tourism (SIT50112),95
SIT50116,Diploma of Travel and Tourism Management (SIT50116),100
SIT50122,Diploma of Travel and Tourism Management (SIT50122),100
SIT50207,Diploma of Events (SIT50207),95
SIT50212,Diploma of Events (SIT50212),95
SIT50216,Diploma of Holiday Park and Resort Management (SIT50216),100
SIT50307,Diploma of Hospitality (SIT50307),19
SIT50312,Diploma of Hospitality (SIT50312),19
SIT50313,Diploma of Hospitality (SIT50313),95
SIT50316,Diploma of Event Management (SIT50316),100
SIT50322,Diploma of Event Management (SIT50322),100
SIT50409,Diploma of Holiday Parks and Resorts (SIT50409),100
SIT50412,Diploma of Holiday Parks and Resorts (SIT50412),95
SIT50416,Diploma of Hospitality Management (SIT50416),100
SIT50422,Diploma of Hospitality Management (SIT50422),100
SIT60107,Advanced Diploma of Tourism (SIT60107),95
SIT60112,Advanced Diploma of Travel and Tourism (SIT60112),48
SIT60116,Advanced Diploma of Travel and Tourism Management (SIT60116),100
SIT60122,Advanced Diploma of Travel and Tourism Management (SIT60122),100
SIT60207,Advanced Diploma of Events (SIT60207),95
SIT60212,Advanced Diploma of Events (SIT60212),95
SIT60216,Advanced Diploma of Event Management (SIT60216),100
SIT60222,Advanced Diploma of Event Management (SIT60222),100
SIT60307,Advanced Diploma of Hospitality (SIT60307),48
SIT60312,Advanced Diploma of Hospitality (SIT60312),48
SIT60313,Advanced Diploma of Hospitality (SIT60313),95
SIT60316,Advanced Diploma of Hospitality Management (SIT60316),100
SITSS00061,Visitor Information Services (SITSS00061),100
SITSS00063,Australian and International Travel Products (SITSS00063),100
SITSS00064,Australian and International Travel Destinations (SITSS00064),100
SITSS00065,Travel Sales and Customer Service (SITSS00065),100
SITSS00069,Food Safety Supervision Skillset (SITSS00069),100
SITSS00073,Australian and International Travel Destinations Skill Set (SITSS00073),100
SITSS00074,Australian and International Travel Products Skill Set (SITSS00074),100
SRC30206,Certificate III in Community Recreation (SRC30206),100
SRF30206,Certificate III in Fitness (SRF30206),50
SRF40206,Certificate IV in Fitness (SRF40206),100
SRO20106,Certificate II in Sport and Recreation (SRO20106),100
SRO30106,Certificate III in Sport and Recreation (SRO30106),100
SRO30206,Certificate III in Outdoor Recreation (SRO30206),100
SRO40106,Certificate IV in Sport and Recreation (SRO40106),100
SRO40206,Certificate IV in Outdoor Recreation (SRO40206),100
SRO50106,Diploma of Sport and Recreation (SRO50106),100
SRO50206,Diploma of Outdoor Recreation (SRO50206),100
SRO50406,Diploma of Facility Management (SRO50406),100
SRS30206,Certificate III in Sport (Career-oriented participation) (SRS30206),100
SRS40206,Certificate IV in Sport (Coaching) (SRS40206),100
SRS40506,Certificate IV in Sport (Development) (SRS40506),100
SSDIS01001,"Ready, Set, Go Employability Skills Skill Set (SSDIS01001)",100
SSDIS01002,Preparing to Work in Community Services and Health Skill Set (SSDIS01002),100
SSDIS01003,Introduction to Agriculture Skill Set (SSDIS01003),100
SSDIS01004,Skills to Operate a Tractor Skill Set (SSDIS01004),100
SSDIS01005,Introduction to Shearing Skill Set (SSDIS01005),100
SSDIS01006,Get Ready for Cleaning Skill Set (SSDIS01006),100
SSDIS01007,Basic Skills for the Food Industry Skill Set (SSDIS01007),100
SSDIS01008,Introduction to Construction Skill Set (SSDIS01008),100
SSDIS01009,Trade Recognition Skill Cluster (SSDIS01009),100
SSDIS01010,Introduction to Civil Construction Skill Set (SSDIS01010),100
SSDIS01011,Basic Welding Skills Skill Set (SSDIS01011),100
SSDIS01012,Introduction to Forestry Skill Set (SSDIS01012),100
SSDIS01013,Introduction to Hair Salon Skill Set (SSDIS01013),100
SSDIS01014,Basic Skills for Retail Skill Set (SSDIS01014),100
SSDIS01015,Introduction to the Automotive Industry Skill Set (SSDIS01015),100
SSDIS01016,Introduction to Early Childhood – Care Practices Skill Set (SSDIS01016),100
SSDIS01017,Entry into Mental Health Role Skill Set (SSDIS01017),100
SSDIS01018,Health Support Skill Set (SSDIS01018),100
TAA40104,Certificate IV in Training and Assessment (TAA40104),50
TAA50104,Diploma of Training and Assessment (TAA50104),100
TAE40110,Certificate IV in Training and Assessment (TAE40110),48
TAE40116,Certificate IV in Training and Assessment (TAE40116),100
TAE40122,Certificate IV in Training and Assessment (TAE40122),100
TAE50111,Diploma of Vocational Education and Training (TAE50111),95
TAE50116,Diploma of Vocational Education and Training (TAE50116),100
TAE50122,Diploma of Vocational Education and Training (TAE50122),100
TAE50211,Diploma of Training Design and Development (TAE50211),95
TAE50216,Diploma of Training Design and Development (TAE50216),100
TAE50310,Diploma of International Education Services (TAE50310),100
TAESS00005,Sustainable practice Skill Set,19
TAESS00009,Skillset of Address Foundation Skills in Vocational Practice Skill Set,100
TAESS00010,Skillset of Advanced Assessor Skill Set (TAESS00010),100
TAESS00012,Enterprise and Industry Engagement Skill Set (TAESS00012),100
TAESS00013,Enterprise Trainer - Mentoring Skill Set (TAESS00013),100
TAESS00014,Enterprise Trainer-Presenting Skill Set (TAESS00014),100
TAESS00015,Skillset of Enterprise Trainer and Assessor Skill Set (TAESS00015),100
TAESS00017,Workplace Supervisor Skill Set (TAESS00017),100
TAESS00018,Deliver E-Learning Skill Set (TAESS00018),100
TAESS00020,Workplace Trainer Skill Set (TAESS00020),100
TAESS00021,Facilitation Skill Set (TAESS00021),100
TAESS00025,Learning Support Skill Set (TAESS00025),100
TAESS00026,Foundation Skills Integration Skill Set (TAESS00026),100
TAESS00028,Work Skill Instructor Skill Se (TAESS00028),100
TAESS00029,Volunteer Trainer Delivery Skill Set (TAESS00029),100
TAESS00031,Design and Deliver E-Learning Skill Set (TAESS00031),100
TAESS00032,Advanced Assessment Skill Set (TAESS00032),100
TDM10107,CERTIFICATE I IN TRANSPORT DISTRIBUTION (MARITIME OPERATIONS),95
TDM10207,CERTIFICATE I IN TRANSPORT & DISTRIBUTION (MARITIME OPERATIONS,100
TDM20107,CERTIFICATE II IN TRANSPORT DISTRIBUTION (MARITIME OPERATIONS),104
TDM20207,CERTIFICATE II IN TRANSPORT & DISTRIBUTION (MARINE ENGINE,104
TDM20307,CERTIFICATE II IN TRANSPORT & DISTRIBUTION (COASTAL MARITIME,104
TDM30107,CERTIFICATE III IN TRANSPORT DISTRIBUTION (MARITIME OPERATIONS),94
TDM30207,CERTIFICATE III IN TRANSPORT & DISTRIBUTION (MARINE ENGINE,94
TDM30307,CERTIFICATE III IN TRANSPORT & DISTRIBUTION (MARITIME,109
TDM30407,CERTIFICATE III IN TRANSPORT & DISTRIBUTION (COASTAL MARITIME,94
TDM40107,CERTIFICATE IV IN TRANSPORT DISTRIBUTION (MARITIME OPERATIONS),100
TDM40207,CERTIFICATE IV IN TRANSPORT & DISTRIBUTION (MARINE ENGINE,94
TDM40307,CERTIFICATE IV IN TRANSPORT & DISTRIBUTION (COASTAL MARITIME,94
TDM50107,DIPLOMA OF TRANSPORT DISTRIBUTION (MARITIME OPERATIONS),100
TDM50207,DIPLOMA OF TRANSPORT & DISTRIBUTION (MARINE ENGINEERING -,100
TDM50307,DIPLOMA OF TRANSPORT & DISTRIBUTION (MARITIME OPERATIONS -,100
TDM50407,DIPLOMA OF TRANSPORT & DISTRIBUTION (COASTAL MARINE,95
TDM50507,DIPLOMA OF TRANSPORT & DISTRIBUTION (COASTAL MARITIME,95
TDM60107,ADVANCED DIPLOMA OF TRANSPORT DISTRIBUTION (MARITIME,95
TDM60207,ADVANCED DIPLOMA OF TRANSPORT & DISTRIBUTION (MARINE,95
TDM60307,ADVANCED DIPLOMA OF TRANSPORT & DISTRIBUTION (MARINE,95
TDM60407,ADVANCED DIPLOMA OF TRANSPORT & DISTRIBUTION (MARITIME,95
TLI10410,Certificate I in Transport and Logistics (Rail Operations) (TLI10410),86
TLI11210,Certificate I in Warehousing Operations (TLI11210),86
TLI11310,Certificate I in Logistics (TLI11310),86
TLI20118,Certificate II in Road Transport Terminal Operations (TLI20118),95
TLI20119,Certificate II in Logistics (TLI20119),95
TLI20219,Certificate II in Road Transport Terminal Operations (TLI20219),95
TLI20319,Certificate II in Stevedoring (TLI20319),95
TLI20410,Certificate II in Transport and Logistics (Rail Operations) (TLI20410),76
TLI20420,Certificate II in Supply Chain Operations (TLI20420),100
TLI20421,Certificate II in Supply Chain Operations (TLI20421),100
TLI21210,Certificate II in Driving Operations (TLI21210),95
TLI21216,Certificate II in Driving Operations (TLI21216),100
TLI21310,Certificate II in Rail Infrastructure (TLI21310),95
TLI21311,Certificate II in Rail Infrastructure (TLI21311),90
TLI21315,Certificate II in Rail Infrastructure (TLI21315),95
TLI21410,Certificate II in Stevedoring (TLI21410),95
TLI21416,Certificate II in Stevedoring (TLI21416),95
TLI21510,Certificate II in Furniture Removal (TLI21510),90
TLI21610,Certificate II in Warehousing Operations (TLI21610),76
TLI21616,Certificate II in Warehousing Operations (TLI21616),80
TLI21710,Certificate II in Road Transport Yard Operations (Freight Handler) (TLI21710),90
TLI21716,Certificate II in Road Transport Yard Operations (Freight Handler) (TLI21716),95
TLI21810,Certificate II in Logistics (TLI21810),90
TLI21815,Certificate II in Logistics (TLI21815),95
TLI21915,Certificate II in Track Protection (TLI21915),95
TLI21918,Certificate II in Track Protection (TLI21918),95
TLI21920,Certificate II in Track Protection (TLI21920),95
TLI21921,Certificate II in Track Protection (TLI21921),95
TLI22313,Certificate II in Rail Customer Service (TLI22313),76
TLI22315,Certificate II in Rail Customer Service (TLI22315),80
TLI22318,Certificate II in Rail Customer Service (TLI22318),80
TLI22321,Certificate II in Rail Customer Service (TLI22321),100
TLI22416,Certificate II in Furniture Removal (TLI22416),95
TLI22418,Certificate II in Furniture Removal (TLI22418),95
TLI22421,Certificate II in Furniture Removal (TLI22421),95
TLI27120,Certificate II in Rail Infrastructure (TLI27120),95
TLI27121,Certificate II in Rail Infrastructure (TLI27121),95
TLI30118,Certificate III in Mobile Crane Operations (TLI30118),100
TLI30120,Certificate III in Passenger Train Guard (TLI30120),100
TLI30121,Certificate III in Mobile Crane Operations (TLI30121),100
TLI30122,Certificate III in Mobile Crane Operations (TLI30122),100
TLI30219,Certificate III in Stevedoring (TLI30219),100
TLI30220,Certificate III in Mechanical Rail Signalling (TLI30220),100
TLI30319,Certificate III in Supply Chain Operations (TLI30319),100
TLI30321,Certificate III in Supply Chain Operations (TLI30321),100
TLI30325,Certificate III in Supply Chain Operations (TLI30325),100
TLI30410,Certificate III in Transport and Logistics (Rail Operations) (TLI30410),48
TLI30419,Certificate III in Waste Driving Operations (TLI30419),100
TLI30521,Certificate III in Passenger Train Guard (TLI30521),100
TLI31210,Certificate III in Driving Operations (TLI31210),95
TLI31216,Certificate III in Driving Operations (TLI31216),100
TLI31221,Certificate III in Driving Operations (TLI31221),100
TLI31222,Certificate III in Driving Operations (TLI31222),100
TLI31310,Certificate III in International Freight Forwarding (Operator) (TLI31310),100
TLI31410,Certificate III in Rail Driving (TLI31410),95
TLI31415,Certificate III in Rail Driving (TLI31415),100
TLI31418,Certificate III in Rail Driving (TLI31418),100
TLI31421,Certificate III in Light Rail Driving (TLI31421),100
TLI31510,Certificate III in Stevedoring (TLI31510),48
TLI31610,Certificate III in Warehousing Operations (TLI31610),95
TLI31616,Certificate III in Warehousing Operations (TLI31616),100
TLI31710,Certificate III in Mobile Crane Operations (TLI31710),67
TLI31716,Certificate III in Mobile Crane Operations (TLI31716),100
TLI31810,Certificate III in Rail Track Surfacing (TLI31810),100
TLI31815,Certificate III in Rail Track Surfacing (TLI31815),100
TLI31910,Certificate III in Mechanical Rail Signalling (TLI31910),100
TLI31915,Certificate III in Mechanical Rail Signalling (TLI31915),100
TLI31918,Certificate III in Mechanical Rail Signalling (TLI31918),100
TLI31920,Certificate III in Mechanical Rail Signalling (TLI31920),100
TLI31921,Certificate III in Mechanical Rail Signalling (TLI31921),100
TLI32110,Certificate III in Rail Structures (TLI32110),100
TLI32115,Certificate III in Rail Structures (TLI32115),100
TLI32121,Certificate III in Rail Structures (TLI32121),100
TLI32310,Certificate III in Electric Passenger Train Guard (TLI32310),100
TLI32315,Certificate III in Electric Passenger Train Guard (TLI32315),100
TLI32318,Certificate III in Electric Passenger Train Guard (TLI32318),100
TLI32410,Certificate III in Logistics (TLI32410),95
TLI32416,Certificate III in Logistics (TLI32416),100
TLI32510,Certificate III in Rail Infrastructure (TLI32510),100
TLI32511,Certificate III in Rail Infrastructure (TLI32511),19
TLI32515,Certificate III in Rail Infrastructure (TLI32515),100
TLI32615,Certificate III in Rail Signalling (TLI32615),100
TLI32715,Certificate III in Track Protection (TLI32715),100
TLI32721,Certificate III in Track Protection (TLI32721),100
TLI33113,Certificate III in Rail Customer Service (TLI33113),48
TLI33115,Certificate III in Rail Customer Service (TLI33115),100
TLI33118,Certificate III in Rail Customer Service (TLI33118),100
TLI33121,Certificate III in Rail Customer Service (TLI33121),100
TLI33122,Certificate III in Rail Customer Service (TLI33122),100
TLI33416,Certificate III in Waste Driving Operations (TLI33416),100
TLI33418,Certificate III in Waste Driving Operations (TLI33418),100
TLI33513,Certificate III in Stevedoring (TLI33513),48
TLI33516,Certificate III in Stevedoring (TLI33516),100
TLI33518,Certificate III in Stevedoring (TLI33518),100
TLI37120,Certificate III in Rail Infrastructure (TLI37120),100
TLI37121,Certificate III in Rail Infrastructure (TLI37121),100
TLI37122,Certificate III in Rail Infrastructure (TLI37122),100
TLI40120,Certificate IV in Rail Network Control (TLI40120),100
TLI40218,Certificate IV in Mobile Crane Operations (TLI40218),100
TLI40319,Certificate IV in Logistics (TLI40319),100
TLI40321,Certificate IV in Supply Chain Operations (TLI40321),100
TLI40324,Certificate IV in Supply Chain Operations (TLI40324),100
TLI40410,Certificate IV in Transport and Logistics (Rail Operations) (TLI40410),19
TLI40419,Certificate IV in Stevedoring Operations (TLI40419),100
TLI40619,Certificate IV in Warehousing Operations (TLI40619),100
TLI40710,Certificate IV in Transport and Logistics (Rail Infrastructure) (TLI40710),100
TLI40721,Certificate IV in Mobile Crane Operations (TLI40721),100
TLI40722,Certificate IV in Mobile Crane Operations (TLI40722),100
TLI40724,Certificate IV in Mobile Crane Operations (TLI40724),100
TLI40921,Certificate IV in Rail Network Control (TLI40921),100
TLI41210,Certificate IV in Transport and Logistics (Road Transport - Car Driving,95
TLI41216,Certificate IV in Transport and Logistics (Road Transport - Car Driving,100
TLI41218,Certificate IV in Transport and Logistics (Road Transport - Car Driving,100
TLI41310,Certificate IV in Transport and Logistics (Road Transport - Heavy Vehicle Driving,95
TLI41316,Certificate IV in Transport and Logistics (Road Transport - Heavy Vehicle Driving,100
TLI41318,Certificate IV in Transport and Logistics (Road Transport - Heavy Vehicle Driving,100
TLI41410,Certificate IV in Transport and Logistics (Road Transport - Motorcycle Riding,100
TLI41510,Certificate IV in Materiel Logistics (TLI41510),100
TLI41610,Certificate IV in International Freight Forwarding (Senior Operator) (TLI41610),100
TLI41710,Certificate IV in Stevedoring Operations (TLI41710),100
TLI41715,Certificate IV in Stevedoring Operations (TLI41715),100
TLI41810,Certificate IV in Warehousing Operations (TLI41810),95
TLI41816,Certificate IV in Warehousing Operations (TLI41816),100
TLI41910,Certificate IV in Mobile Crane Operations (TLI41910),67
TLI41916,Certificate IV in Mobile Crane Operations (TLI41916),100
TLI42010,Certificate IV in Logistics (TLI42010),95
TLI42016,Certificate IV in Logistics (TLI42016),100
TLI42215,Certificate IV in Rail Network Control (TLI42215),100
TLI42315,Certificate IV in Rail Infrastructure (TLI42315),100
TLI42613,Certificate IV in Train Driving (TLI42613),19
TLI42615,Certificate IV in Train Driving (TLI42615),100
TLI42621,Certificate IV in Train Driving (TLI42621),100
TLI42622,Certificate IV in Train Driving (TLI42622),100
TLI47120,Certificate IV in Rail Infrastructure (TLI47120),100
TLI47121,Certificate IV in Rail Infrastructure (TLI47121),100
TLI50210,Diploma of Materiel Logistics (TLI50210),100
TLI50219,Diploma of Logistics (TLI50219),100
TLI50221,Diploma of Logistics (TLI50221),100
TLI50224,Diploma of Logistics (TLI50224),100
TLI50310,Diploma of International Freight Forwarding (TLI50310),100
TLI50410,Diploma of Logistics (TLI50410),95
TLI50415,Diploma of Logistics (TLI50415),100
TLI50510,Diploma of Deployment Logistics (TLI50510),100
TLI60110,Advanced Diploma of Materiel Logistics (TLI60110),100
TLI60210,Advanced Diploma of Deployment Logistics (TLI60210),100
TLIPC110,Certificate I in Transport and Logistics (Pathways) (TLIPC110),95
UEE10110,Certificate I in ElectroComms Skills (UEE10110),80
UEE10111,Certificate I in ElectroComms Skills (UEE10111),80
UEE20107,Certificate II in Air-conditioning Split Systems (UEE20107),95
UEE20111,Certificate II in Split Air-conditioning and Heat Pump Systems (UEE20111),95
UEE20120,Certificate II in Split Air Conditioning and Heat Pump Systems (UEE20120),95
UEE20207,Certificate II in Business Equipment Servicing (UEE20207),95
UEE20407,Certificate II in Winding and Assembly (UEE20407),95
UEE20411,Certificate II in Winding and Assembly (UEE20411),95
UEE20507,Certificate II in Computer Assembly and Repair (UEE20507),95
UEE20510,Certificate II in Computer Assembly and Repair (UEE20510),95
UEE20511,Certificate II in Computer Assembly and Repair (UEE20511),95
UEE20520,Certificate II in Computer Assembly and Repair (UEE20520),95
UEE20607,Certificate II in Custom Electronics Assembly and Setup (UEE20607),95
UEE20707,Certificate II in Data and Voice Communications (UEE20707),95
UEE20711,Certificate II in Data and Voice Communications (UEE20711),95
UEE20720,Certificate II in Data and Voice Communications (UEE20720),95
UEE20810,Certificate II in Electrical Wholesaling (UEE20810),95
UEE20907,Certificate II in Electronic Assembly (UEE20907),95
UEE20911,Certificate II in Electronic Assembly (UEE20911),95
UEE20920,Certificate II in Electronic Assembly (UEE20920),95
UEE21007,Certificate II in Fire Alarms Servicing (UEE21007),95
UEE21011,Certificate II in Fire Alarms Servicing (UEE21011),95
UEE21107,Certificate II in Gaming Machines Servicing (UEE21107),95
UEE21207,Certificate II in Antennae Equipment (UEE21207),95
UEE21211,Certificate II in Antennae Equipment (UEE21211),95
UEE21310,Certificate II in Remote Area Essential Service (UEE21310),95
UEE21407,Certificate II in Remote Area Power Supply Maintenance (UEE21407),95
UEE21510,Certificate II in Renewable Energy (UEE21510),95
UEE21607,Certificate II in Security Assembly and Setup (UEE21607),95
UEE21610,Certificate II in Security Assembly and Setup (UEE21610),95
UEE21611,Certificate II in Security Assembly and Set-up (UEE21611),95
UEE21707,Certificate II in Technical Support (UEE21707),95
UEE21710,Certificate II in Technical Support (UEE21710),95
UEE21711,Certificate II in Technical Support (UEE21711),95
UEE21810,Certificate II in Appliance Servicing - Refrigerants (UEE21810),90
UEE21907,Certificate II in Electronics (UEE21907),90
UEE21910,Certificate II in Electronics (UEE21910),90
UEE21911,Certificate II in Electronics (UEE21911),90
UEE21920,Certificate II in Electronics (UEE21920),90
UEE22007,Certificate II in Electrotechnology (Career Start) (UEE22007),100
UEE22010,Certificate II in Electrotechnology (Career Start) (UEE22010),100
UEE22011,Certificate II in Electrotechnology (Career Start) (UEE22011),90
UEE22020,Certificate II in Electrotechnology (Career Start) (UEE22020),90
UEE22025,Certificate II in Electrotechnology (Career Start) (UEE22025),90
UEE22107,Certificate II in Sustainable Energy (Career Start) (UEE22107),95
UEE22111,Certificate II in Sustainable Energy (Career Start) (UEE22111),95
UEE22120,Certificate II in Sustainable Energy (Career Start) (UEE22120),95
UEE30107,Certificate III in Business Equipment (UEE30107),100
UEE30111,Certificate III in Business Equipment (UEE30111),100
UEE30120,Certificate III in Business Equipment (UEE30120),100
UEE30207,Certificate III in Computer Systems Equipment (UEE30207),100
UEE30210,Certificate III in Computer Systems Equipment (UEE30210),100
UEE30211,Certificate III in Computer Systems Equipment (UEE30211),100
UEE30220,Certificate III in Computer Systems Equipment (UEE30220),100
UEE30225,Certificate III in Computer Systems Equipment (UEE30225),100
UEE30310,Certificate III in Custom Electronics Installations (UEE30310),100
UEE30311,Certificate III in Custom Electronics Installations (UEE30311),100
UEE30407,Certificate III in Data and Voice Communications (UEE30407),100
UEE30411,Certificate III in Data and Voice Communications (UEE30411),100
UEE30420,Certificate III in Data and Voice Communications (UEE30420),100
UEE30425,Certificate III in Data and Voice Communications (UEE30425),100
UEE30607,Certificate III in Electrical Machine Repair (UEE30607),100
UEE30611,Certificate III in Electrical Machine Repair (UEE30611),100
UEE30620,Certificate III in Electrical Machine Repair (UEE30620),100
UEE30625,Certificate III in Electrical Machine Repair (UEE30625),100
UEE30707,Certificate III in Switchgear and Control Gear (UEE30707),100
UEE30711,Certificate III in Switchgear and Controlgear (UEE30711),100
UEE30720,Certificate III in Switchgear and Controlgear (UEE30720),100
UEE30807,Certificate III in Electrotechnology Electrician (UEE30807),100
UEE30811,Certificate III in Electrotechnology Electrician (UEE30811),100
UEE30820,Certificate III in Electrotechnology Electrician (UEE30820),100
UEE30907,Certificate III in Electronics and Communications (UEE30907),100
UEE30910,Certificate III in Electronics and Communications (UEE30910),100
UEE30911,Certificate III in Electronics and Communications (UEE30911),100
UEE30920,Certificate III in Electronics and Communications (UEE30920),100
UEE31007,Certificate III in Fire Protection Control (UEE31007),100
UEE31011,Certificate III in Fire Protection Control (UEE31011),100
UEE31020,Certificate III in Fire Protection Control (UEE31020),100
UEE31025,Certificate III in Fire Protection Control (UEE31025),100
UEE31107,Certificate III in Gaming Electronics (UEE31107),100
UEE31207,Certificate III in Instrumentation and Control (UEE31207),100
UEE31210,Certificate III in Instrumentation and Control (UEE31210),100
UEE31211,Certificate III in Instrumentation and Control (UEE31211),100
UEE31220,Certificate III in Instrumentation and Control (UEE31220),100
UEE31225,Certificate III in Instrumentation and Control (UEE31225),100
UEE31307,Certificate III in Refrigeration and Air-Conditioning (UEE31307),100
UEE31407,Certificate III in Security Equipment (UEE31407),100
UEE31410,Certificate III in Security Equipment (UEE31410),100
UEE31411,Certificate III in Security Equipment (UEE31411),100
UEE31420,Certificate III in Security Equipment (UEE31420),100
UEE31507,Certificate III in Rail - Communications and Networks (UEE31507),100
UEE31511,Certificate III in Rail - Communications and Networks (UEE31511),100
UEE31710,Certificate III in Hazardous areas - Electrician (UEE31710),100
UEE31810,Certificate III in Hazardous areas - Instrumentation (UEE31810),100
UEE31910,Certificate III in Explosion-protected equipment overhaul (UEE31910),100
UEE32010,Certificate III in Renewable Energy - ELV (UEE32010),100
UEE32011,Certificate III in Renewable Energy - ELV (UEE32011),100
UEE32111,Certificate III in Appliance Service (UEE32111),100
UEE32120,Certificate III in Appliance Service (UEE32120),100
UEE32125,Certificate III in Appliance Service (UEE32125),100
UEE32211,Certificate III in Air-conditioning and Refrigeration (UEE32211),100
UEE32220,Certificate III in Air Conditioning and Refrigeration (UEE32220),100
UEE32225,Certificate III in Air Conditioning and Refrigeration (UEE32225),100
UEE40110,Certificate IV in Computer Systems (UEE40110),100
UEE40111,Certificate IV in Computer Systems (UEE40111),100
UEE40120,Certificate IV in Computer Systems (UEE40120),100
UEE40210,Certificate IV in Electrical - Data and Voice Communications (UEE40210),100
UEE40211,Certificate IV in Electrical - Data and Voice Communications (UEE40211),100
UEE40310,Certificate IV in Electrical Installation Inspection and Audits (UEE40310),100
UEE40311,Certificate IV in Installation Inspection and Audits (UEE40311),100
UEE40407,Certificate IV in Electrical - Instrumentation (UEE40407),100
UEE40410,Certificate IV in Electrical - Instrumentation (UEE40410),100
UEE40411,Certificate IV in Electrical - Instrumentation (UEE40411),100
UEE40420,Certificate IV in Electrical - Instrumentation (UEE40420),100
UEE40510,Certificate IV in Electrical - Air-conditioning Systems (UEE40510),100
UEE40511,Certificate IV in Electrical - Air-conditioning Split Systems (UEE40511),100
UEE40607,Certificate IV in Electrotechnology - Systems Electrician (UEE40607),100
UEE40610,Certificate IV in Electrotechnology - Systems Electrician (UEE40610),100
UEE40611,Certificate IV in Electrotechnology - Systems Electrician (UEE40611),100
UEE40620,Certificate IV in Electrotechnology - Systems Electrician (UEE40620),100
UEE40710,Certificate IV in Electronics and Communications (UEE40710),100
UEE40711,Certificate IV in Electronics and Communications (UEE40711),100
UEE40720,Certificate IV in Electronics and Communications (UEE40720),100
UEE40810,Certificate IV in Electrical - Fire Protection Control Systems (UEE40810),100
UEE40811,Certificate IV in Electrical - Fire Protection Control Systems (UEE40811),100
UEE40910,Certificate IV in Industrial Electronics and Control (UEE40910),100
UEE40911,Certificate IV in Industrial Electronics and Control (UEE40911),100
UEE40920,Certificate IV in Industrial Electronics and Control (UEE40920),100
UEE41010,Certificate IV in Energy Management and Control (UEE41010),100
UEE41011,Certificate IV in Energy Management and Control (UEE41011),100
UEE41020,Certificate IV in Energy Management and Control (UEE41020),100
UEE41110,Certificate IV in Electrical - Lift Systems (UEE41110),100
UEE41111,Certificate IV in Electrical - Lift Systems (UEE41111),100
UEE41210,Certificate IV in Electrical - Rail Signalling (UEE41210),100
UEE41211,Certificate IV in Electrical - Rail Signalling (UEE41211),100
UEE41220,Certificate IV in Electrical – Rail Signalling (UEE41220),100
UEE41223,Certificate IV in Rail Signalling (UEE41223),100
UEE41310,Certificate IV in Refrigeration and Air-Conditioning Servicing (UEE41310),100
UEE41510,Certificate IV in Video and Audio Systems (UEE41510),100
UEE41511,Certificate IV in Video and Audio Systems (UEE41511),100
UEE41520,Certificate IV in Video and Audio Systems (UEE41520),100
UEE41607,Certificate IV in Renewable Energy (UEE41607),100
UEE41610,Certificate IV in Renewable Energy (UEE41610),100
UEE41611,Certificate IV in Renewable Energy (UEE41611),100
UEE41620,Certificate IV in Renewable Energy (UEE41620),100
UEE41710,Certificate IV in Rail - Communications and Network Systems (UEE41710),100
UEE41711,Certificate IV in Rail - Communications and Network Systems (UEE41711),100
UEE41910,Certificate IV in Electrical - Renewable Energy (UEE41910),100
UEE41911,Certificate IV in Electrical - Renewable Energy (UEE41911),100
UEE41920,Certificate IV in Electrical - Renewable Energy (UEE41920),100
UEE42010,Certificate IV in Electrical - Photovoltaic Systems (UEE42010),100
UEE42011,Certificate IV in Electrical - Photovoltaic systems (UEE42011),100
UEE42110,Certificate IV in Electrotechnology - Electrical Contracting (UEE42110),100
UEE42210,Certificate IV in Instrumentation and Control (UEE42210),100
UEE42211,Certificate IV in Instrumentation and Control (UEE42211),100
UEE42410,Certificate IV in Hazardous areas - Industrial control (UEE42410),100
UEE42610,Certificate IV in Hazardous areas - Electrical (UEE42610),100
UEE42611,Certificate IV in Hazardous areas - Electrical (UEE42611),100
UEE42620,Certificate IV in Hazardous areas - Electrical (UEE42620),100
UEE42622,Certificate IV in Hazardous areas - Electrical (UEE42622),100
UEE42711,Certificate IV in Air-conditioning and Refrigeration Servicing (UEE42711),100
UEE42720,Certificate IV in Air Conditioning and Refrigeration Servicing (UEE42720),100
UEE42725,Certificate IV in Air Conditioning and Refrigeration Servicing (UEE42725),97
UEE42811,Certificate IV in Air-conditioning Systems Energy Management and Control,100
UEE42911,Certificate IV in Refrigeration and Air-conditioning Systems (UEE42911),100
UEE42920,Certificate IV in Refrigeration and Air Conditioning Systems (UEE42920),100
UEE50107,Diploma of Computer Systems Engineering (UEE50107),100
UEE50110,Diploma of Computer Systems Engineering (UEE50110),100
UEE50111,Diploma of Computer Systems Engineering (UEE50111),100
UEE50120,Diploma of Computer Systems Engineering (UEE50120),100
UEE50210,Diploma of Electrical and Instrumentation (UEE50210),100
UEE50211,Diploma of Electrical and Instrumentation (UEE50211),100
UEE50220,Diploma of Electrical and Instrumentation (UEE50220),100
UEE50311,Diploma of Electrical and Refrigeration and Air-conditioning (UEE50311),100
UEE50410,Diploma of Electrical Engineering (UEE50410),100
UEE50411,Diploma of Electrical Engineering (UEE50411),100
UEE50420,Diploma of Electrical Engineering (UEE50420),100
UEE50507,Diploma of Electronics and Communications Engineering (UEE50507),100
UEE50510,Diploma of Electronics and Communications Engineering (UEE50510),100
UEE50511,Diploma of Electronics and Communications Engineering (UEE50511),100
UEE50520,Diploma of Electronics and Communications Engineering (UEE50520),100
UEE50607,Diploma of Refrigeration and Air-Conditioning Engineering (UEE50607),100
UEE50710,Diploma of Renewable Energy Engineering (UEE50710),100
UEE50711,Diploma of Renewable Energy Engineering (UEE50711),100
UEE50720,Diploma of Renewable Energy Engineering (UEE50720),100
UEE50810,Diploma of Research and Development (UEE50810),100
UEE50811,Diploma of Research and Development (UEE50811),100
UEE50910,Diploma of Industrial Electronics and Control Engineering (UEE50910),100
UEE50911,Diploma of Industrial Electronics and Control Engineering (UEE50911),100
UEE51010,Diploma of Instrumentation and Control Engineering (UEE51010),100
UEE51111,Diploma of Engineering Technology - Refrigeration and Air-conditioning,100
UEE51211,Diploma of Air-conditioning and Refrigeration Engineering (UEE51211),100
UEE51220,Diploma of Air Conditioning and Refrigeration Engineering (UEE51220),100
UEE51225,Diploma of Air Conditioning and Refrigeration Engineering (UEE51225),97
UEE60107,Advanced Diploma of Electrical Engineering (UEE60107),100
UEE60207,Advanced Diploma of Electronics and Communications Engineering (UEE60207),100
UEE60210,Advanced Diploma of Electronics and Communications Engineering (UEE60210),100
UEE60211,Advanced Diploma of Electronics and Communications Engineering (UEE60211),100
UEE60220,Advanced Diploma of Electronics and Communications Engineering (UEE60220),100
UEE60407,Advanced Diploma of Computer Systems Engineering (UEE60407),100
UEE60410,Advanced Diploma of Computer Systems Engineering (UEE60410),100
UEE60411,Advanced Diploma of Computer Systems Engineering (UEE60411),100
UEE60420,Advanced Diploma of Computer Systems Engineering (UEE60420),100
UEE60610,Advanced Diploma of Industrial Electronics and Control Engineering,100
UEE60611,Advanced Diploma of Industrial Electronics and Control Engineering,100
UEE60707,Advanced Diploma of Refrigeration and Air-Conditioning Engineering,100
UEE60807,Advanced Diploma of Refrigeration and Air-Conditioning - Technology,100
UEE60910,Advanced Diploma of Renewable Energy Engineering (UEE60910),100
UEE60911,Advanced Diploma of Renewable Energy Engineering (UEE60911),100
UEE60920,Advanced Diploma of Renewable Energy Engineering (UEE60920),100
UEE61110,Advanced Diploma of Automated Systems Maintenance Engineering,100
UEE61111,Advanced Diploma of Automated Systems Maintenance Engineering,100
UEE61210,Advanced Diploma of Engineering Explosion protection (UEE61210),100
UEE61211,Advanced Diploma of Engineering - Explosion protection (UEE61211),100
UEE61220,Advanced Diploma of Engineering - Explosion protection (UEE61220),100
UEE61307,Advanced Diploma of Electrical - Technology (UEE61307),100
UEE61410,Advanced Diploma of Engineering - Explosion protection - Industrial control,100
UEE61510,Advanced Diploma of Instrumentation and Control Engineering (UEE61510),100
UEE61710,Advanced Diploma of Engineering Technology - Electronic (UEE61710),100
UEE61711,Advanced Diploma of Engineering Technology - Electronics (UEE61711),100
UEE61720,Advanced Diploma of Engineering Technology – Electronics (UEE61720),100
UEE61810,Advanced Diploma of Engineering Technology - Computer Systems (UEE61810),100
UEE61811,Advanced Diploma of Engineering Technology - Computer Systems (UEE61811),100
UEE61820,Advanced Diploma of Engineering Technology - Computer Systems (UEE61820),100
UEE62010,Advanced Diploma of Engineering Technology - Renewable Energy (UEE62010),100
UEE62110,Advanced Diploma of Engineering Technology - Electrical (UEE62110),100
UEE62111,Advanced Diploma of Engineering Technology - Electrical (UEE62111),100
UEE62120,Advanced Diploma of Engineering Technology - Electrical (UEE62120),100
UEE62122,Advanced Diploma of Engineering Technology - Electrical (UEE62122),100
UEE62211,Advanced Diploma of Electrical - Engineering (UEE62211),100
UEE62220,Advanced Diploma of Electrical - Engineering (UEE62220),100
UEE62311,Advanced Diploma of Electrical Engineering - Coal Mining (UEE62311),100
UEE62411,Advanced Diploma of Engineering Technology - Air-conditioning and,100
UEE62511,Advanced Diploma of Air-conditioning and Refrigeration Engineering,100
UEE62520,Advanced Diploma of Air Conditioning and Refrigeration Engineering,100
UEESS00048,Data Communications - ACMA 'Open' Cabling Provider (UEESS00048),100
UEESS00049,Data Communications - ACMA Restricted Telecommunications Cabling,100
UEESS00050,Data Communications - Install Aerial Communication Cables (UEESS00050),100
UEESS00051,Data Communications - Install and Modify Performance Data Communication,100
UEESS00052,Data Communications - Install and Modify Performance Data Communication,100
UEESS00053,Data Communications - Install Below Ground Communication Cables,100
UEESS00056,Electrical - Install and Set Up Interval Metering (UEESS00056),100
UEESS00073,Instrumentation - Develop a integrated system interface for access through a,100
UEESS00074,Instrumentation - Develop access control of integrated systems using logic-,100
UEESS00075,Instrumentation - Develop integrated systems (UEESS00075),100
UEESS00076,"Instrumentation - Develop interfaces for multiple access methods to monitor,",100
UEESS00078,Refrigeration-Air Conditioning - Design Ammonia Refrigeration Systems,100
UEESS00079,Refrigeration-Air Conditioning - Design Complex Carbon Dioxide Refrigeration,100
UEESS00080,Refrigeration-Air Conditioning - Design Hydrocarbon Refrigeration Systems,100
UEESS00081,Refrigeration-Air Conditioning - Design Secondary Refrigeration Systems,100
UEESS00082,Refrigeration-Air Conditioning - Install and Commission Ammonia Refrigeration,100
UEESS00083,Refrigeration-Air Conditioning - Install and Commission Carbon Dioxide,100
UEESS00084,Refrigeration-Air Conditioning - Install and Commission Hydrocarbon,100
UEESS00085,Refrigeration-Air Conditioning - Operate Ammonia Refrigeration Plant,100
UEESS00086,Refrigeration-Air Conditioning - Service and Repair Ammonia Refrigeration,100
UEESS00087,Refrigeration-Air Conditioning - Service and Repair Carbon Dioxide Refrigeration,100
UEESS00088,Refrigeration-Air Conditioning - Service and Repair Carbon Dioxide Refrigeration,100
UEESS00089,Refrigeration-Air Conditioning - Service and Repair Hydrocarbon Refrigeration,100
UEESS00090,Refrigeration-Air Conditioning - Service and Repair Secondary Refrigeration,100
UEG10106,Certificate I in Utilities Industry Operations (UEG10106),100
UEG20106,Certificate II in Utilities Industry Operations (UEG20106),100
UEG20114,Certificate II in Gas Supply Industry Operations (UEG20114),100
UEG20118,Certificate II in Gas Supply Industry Operations (UEG20118),100
UEG20120,Certificate II in Gas Supply Industry Operations (UEG20120),100
UEG30106,Certificate III in Gas Industry Operations (UEG30106),100
UEG30110,Certificate III in Gas Industry Operations (UEG30110),100
UEG30114,Certificate III in Gas Supply Industry Operations (UEG30114),100
UEG30118,Certificate III in Gas Supply Industry Operations (UEG30118),100
UEG30120,Certificate III in Gas Supply Industry Operations (UEG30120),100
UEG30211,Certificate III in Gas Supply Industry Operations (UEG30211),86
UEG40106,Certificate IV in Gas Industry Operations (UEG40106),100
UEG40114,Certificate IV in Gas Supply Industry Operations (UEG40114),100
UEG40118,Certificate IV in Gas Supply Industry Operations (UEG40118),100
UEG40206,Certificate IV in Gas Industry Transmission Pipeline (UEG40206),100
UEG40220,Certificate IV in Gas Supply Industry Operations (UEG40220),100
UEG40311,Certificate IV in Gas Supply Industry Operations (UEG40311),86
UEG50106,Diploma of Gas Industry Operations (UEG50106),100
UEG50114,Diploma of Gas Supply Industry Operations (UEG50114),100
UEG50118,Diploma of Gas Supply Industry Operations (UEG50118),100
UEG50120,Diploma of Gas Supply Industry Operations (UEG50120),100
UEG50211,Diploma of Gas Supply Industry Operations (UEG50211),86
UEG60106,Advanced Diploma of Gas Industry Operations (UEG60106),100
UEG60114,Advanced Diploma of Gas Supply Industry Operations (UEG60114),100
UEG60118,Advanced Diploma of Gas Supply Industry Operations (UEG60118),100
UEG60211,Advanced Diploma of Gas Supply Industry Operations (UEG60211),95
UEP20110,Certificate II in ESI Generation (Operations Support) (UEP20110),100
UEP20112,Certificate II in ESI Generation - Operations Support (UEP20112),100
UEP30106,Certificate III in ESI Generation (Systems Operations) (UEP30106),100
UEP30112,Certificate III in ESI Generation - Systems Operations (UEP30112),100
UEP30206,Certificate III in ESI Generation (Operations) (UEP30206),100
UEP30212,Certificate III in ESI Generation - Operations (UEP30212),100
UEP40106,Certificate IV in ESI Generation (Systems Operations) (UEP40106),100
UEP40112,Certificate IV in ESI Generation - Systems Operations (UEP40112),100
UEP40206,Certificate IV in ESI Generation (Operations) (UEP40206),100
UEP40212,Certificate IV in ESI Generation - Operations (UEP40212),100
UEP40306,Certificate IV in ESI Generation Maintenance (Mechanical) (UEP40306),100
UEP40312,Certificate IV in ESI Generation Maintenance (Mechanical) (UEP40312),100
UEP40406,Certificate IV in ESI Generation Maintenance (Fabrication) (UEP40406),100
UEP40412,Certificate IV in ESI Generation Maintenance (Fabrication) (UEP40412),100
UEP40506,Certificate IV in ESI Generation Maintenance (Electrical/Electronic) (UEP40506),100
UEP40512,Certificate IV in ESI Generation Maintenance - Electrical Electronics,100
UEP50106,Diploma of ESI Generation (Systems Operations) (UEP50106),100
UEP50112,Diploma of ESI Generation - Systems Operations (UEP50112),100
UEP50206,Diploma of ESI Generation (Operations) (UEP50206),100
UEP50212,Diploma of ESI Generation (Operations) (UEP50212),100
UEP50306,Diploma of ESI Generation (Maintenance) (UEP50306),100
UEP50312,Diploma of ESI Generation (Maintenance) (UEP50312),100
UEP50406,Diploma of ESI Generation (Electrical/Electronic) (UEP50406),100
UEP50412,Diploma of ESI Generation Maintenance - Electrical Electronic (UEP50412),100
UET20110,Certificate II in ESI - Vegetation Control (UET20110),80
UET20209,Certificate II in ESI - Transmission Line Assembly (UET20209),100
UET20312,Certificate II in ESI - Powerline Vegetation Control (UET20312),80
UET20319,Certificate II in ESI - Powerline Vegetation Control (UET20319),80
UET20412,Certificate II in Transmission Structure and Line Assembly (UET20412),100
UET20419,Certificate II in Transmission Structure and Line Assembly (UET20419),100
UET20511,Certificate II in National Broadband Network Cabling (Electricity Supply Industry,100
UET30109,Certificate III in ESI - Transmission (UET30109),100
UET30209,Certificate III in ESI - Distribution (UET30209),100
UET30309,Certificate III in ESI - Rail Traction (UET30309),100
UET30409,Certificate III in ESI - Cable Jointing (UET30409),100
UET30512,Certificate III in ESI - Power Systems - Transmission Overhead (UET30512),100
UET30519,Certificate III in ESI - Power Systems - Transmission Overhead (UET30519),100
UET30521,Certificate III in ESI - Transmission Overhead (UET30521),100
UET30612,Certificate III in ESI - Power Systems - Distribution Overhead (UET30612),100
UET30619,Certificate III in ESI - Power Systems - Distribution Overhead (UET30619),100
UET30621,Certificate III in ESI - Distribution Overhead (UET30621),100
UET30712,Certificate III in ESI - Power Systems - Rail Traction (UET30712),100
UET30719,Certificate III in ESI - Power Systems - Rail Traction (UET30719),100
UET30721,Certificate III in ESI - Rail Traction (UET30721),100
UET30812,Certificate III in ESI - Power Systems - Distribution Cable Jointing (UET30812),100
UET30819,Certificate III in ESI - Power Systems - Distribution Cable Jointing (UET30819),100
UET40109,Certificate IV in ESI - Power Systems (UET40109),100
UET40209,Certificate IV in ESI - Substation (UET40209),100
UET40309,Certificate IV in ESI - Network Infrastructure (UET40309),100
UET40412,Certificate IV in ESI - Network Systems (UET40412),100
UET40419,Certificate IV in ESI - Network Systems (UET40419),100
UET40512,Certificate IV in ESI - Power Systems Substations (UET40512),100
UET40519,Certificate IV in ESI - Power Systems Substations (UET40519),100
UET40612,Certificate IV in ESI - Power Systems Network Infrastructure (UET40612),100
UET40619,Certificate IV in ESI - Power Systems Network Infrastructure (UET40619),100
UET50109,Diploma of ESI - Power Systems (UET50109),100
UET50212,Diploma of ESI - Power Systems (UET50212),100
UET50219,Diploma of ESI - Power Systems (UET50219),100
UET60109,Advanced Diploma of ESI - Power Systems (UET60109),100
UET60212,Advanced Diploma of ESI - Power Systems (UET60212),100
UET60219,Advanced Diploma of ESI - Power Systems (UET60219),100
UETSS00001,Skill Set - Apply Access Procedures to Work On or Near Electrical Network,100
UETSS00003,Skill Set - Perform Cable Pit/Trench/Excavation Rescue,100
UETSS00006,Skill Set - Perform EWP Controlled Descent Escape,100
UETSS00007,Skill Set - Perform EWP Rescue,100
UETSS00009,Skill Set - Perform Pole Top Rescue,100
UETSS00011,Skill Set - Perform Rescue from a Live LV Panel,100
UETSS00013,Skill Set - Perform Rescue from Switchyard Structures at Heights,100
UETSS00015,Skill Set - Perform Tower Rescue,100
UETSS00020,Refresher - Perform Cable Pit-Trench-Excavation Rescue (UETSS00020),100
UETSS00023,Refresher - Perform EWP Controlled Descent Escape (UETSS00023),100
UETSS00024,Refresher - Perform EWP Rescue (UETSS00024),100
UETSS00026,Refresher - Perform Pole Top Rescue (UETSS00026),100
UETSS00028,Refresher - Perform Rescue from a Live LV Panel (UETSS00028),100
UETSS00030,Refresher - Perform Rescue from Switchyard Structures at Heights,100
UETSS00032,Refresher - Perform Tower Rescue (UETSS00032),100
WRB20204,Certificate II in Make-up Services (WRB20204),100
WRB30104,Certificate III in Beauty Services (WRB30104),100
WRB40105,Certificate IV in Beauty Therapy (WRB40105),100
WRB50105,Diploma of Beauty Therapy (WRB50105),100
WRF20104,Certificate II in Floristry (WRF20104),100
WRF30104,Certificate III in Floristry (WRF30104),100
WRH20106,Certificate II in Hairdressing (WRH20106),100
WRH20109,Certificate II in Hairdressing (WRH20109),90
WRH30106,Certificate III in Hairdressing (WRH30106),100
WRH30109,Certificate III in Hairdressing (WRH30109),100
WRH40109,Certificate IV in Hairdressing (WRH40109),100
WRH50109,Diploma of Hairdressing Salon Management (WRH50109),100
